domain	script	count	json
360cities.net		4	{}
360cities.net	apis.google.com	4	{"category": "Content", "url": "http://www.google.com/", "name": "Google"}
43things.com	acf.43things.com	6	{}
43things.com	platform.twitter.com	6	{"category": "Social", "url": "http://www.twitter.com/", "name": "Twitter"}
43things.com	s7.addthis.com	2	{"category": "Social", "url": "http://www.addthis.com/", "name": "AddThis"}
500px.com	500px.com	3	{}
500px.com	ajax.googleapis.com	3	{"category": "Content", "url": "http://www.google.com/", "name": "Google"}
9gag.com	d24w6bsrhbeh9d.cloudfront.net	1	{"category": "Content", "url": "http://www.amazon.com/", "name": "Amazon.com"}
9gag.com	google.com	1	{"category": "Content", "url": "http://www.google.com/", "name": "Google"}
aboutschwab.com	aboutschwab.com	1	{}
aboutschwab.com	s7.addthis.com	1	{"category": "Social", "url": "http://www.addthis.com/", "name": "AddThis"}
aboutus.org	pagead2.googlesyndication.com	1	{"category": "Advertising", "url": "http://www.google.com/", "name": "Google"}
aboutus.org	static.aboutus.org	1	{}
accellion.com		1	{}
accellion.com	accellion.com	2	{}
accellion.com	s.gravatar.com	1	{"category": "Content", "url": "http://automattic.com/", "name": "Automattic"}
accellion.com	s0.wp.com	1	{"category": "Content", "url": "http://www.wordpress.com/", "name": "Wordpress"}
accellion.com	stats.wordpress.com	1	{"category": "Content", "url": "http://www.wordpress.com/", "name": "Wordpress"}
achica.com	achica.com	7	{}
achica.com	ajax.googleapis.com	1	{"category": "Content", "url": "http://www.google.com/", "name": "Google"}
achica.com	assets.pinterest.com	1	{"category": "Content", "url": "http://pinterest.com/", "name": "Pinterest"}
activerain.com		3	{}
activerain.com	activeagent-prod-assets0.ar-img.com	8	{}
activerain.com	activeagent-prod-assets1.ar-img.com	8	{}
activerain.com	activeagent-prod-assets2.ar-img.com	8	{}
activerain.com	activeagent-prod-assets3.ar-img.com	8	{}
activerain.com	activerain.com	8	{}
activerain.com	apis.google.com	8	{"category": "Content", "url": "http://www.google.com/", "name": "Google"}
activerain.com	google.com	8	{"category": "Content", "url": "http://www.google.com/", "name": "Google"}
activerain.com	googleadservices.com	8	{"category": "Advertising", "url": "http://www.google.com/", "name": "Google"}
activerain.com	platform.linkedin.com	3	{"category": "Social", "url": "http://www.linkedin.com/", "name": "LinkedIn"}
activerain.com	platform.twitter.com	3	{"category": "Social", "url": "http://www.twitter.com/", "name": "Twitter"}
addthis.com	cache.addthiscdn.com	5	{"category": "Social", "url": "http://www.addthis.com/", "name": "AddThis"}
addthis.com	s7.addthis.com	5	{"category": "Social", "url": "http://www.addthis.com/", "name": "AddThis"}
aeriagames.com		1	{}
aeriagames.com	templates	1	{}
aforesolutions.com	aforesolutions.com	19	{}
aforesolutions.com	google.com	1	{"category": "Content", "url": "http://www.google.com/", "name": "Google"}
aforesolutions.com	t3.trackalyzer.com	1	{"category": "Advertising", "url": "http://www.leadlander.com/", "name": "LeadLander"}
alatest.com	ads.pro-market.net	1	{"category": "Advertising", "url": "http://datonics.com/", "name": "Datonics"}
alatest.com	ii.alatest.com	1	{}
alibaba.com	img.alibaba.com	5	{"category": "Content", "url": "http://www.alibaba.com/", "name": "Alibaba.com"}
alibaba.com	style.aliunicorn.com	5	{}
aliexpress.com	amos.us.alitalk.alibaba.com	1	{"category": "Content", "url": "http://www.alibaba.com/", "name": "Alibaba.com"}
aliexpress.com	style.aliexpress.com	1	{"category": "Content", "url": "http://www.alibaba.com/", "name": "Alibaba.com"}
aliexpress.com	style.aliunicorn.com	4	{}
allvoices.com		5	{}
allvoices.com	api.recaptcha.net	5	{"category": "Content", "url": "http://www.google.com/", "name": "Google"}
allvoices.com	apis.google.com	5	{"category": "Content", "url": "http://www.google.com/", "name": "Google"}
allvoices.com	assets.pinterest.com	1	{"category": "Content", "url": "http://pinterest.com/", "name": "Pinterest"}
allvoices.com	cache-02.cleanprint.net	5	{}
allvoices.com	cache2.allvoices.com	5	{}
allvoices.com	cache7.allvoices.com	2	{}
allvoices.com	cache8.allvoices.com	5	{}
allvoices.com	platform.linkedin.com	2	{"category": "Social", "url": "http://www.linkedin.com/", "name": "LinkedIn"}
allvoices.com	platform.twitter.com	3	{"category": "Social", "url": "http://www.twitter.com/", "name": "Twitter"}
allvoices.com	widgets.outbrain.com	5	{"category": "Advertising", "url": "http://www.outbrain.com/", "name": "Outbrain"}
allvoices.com	widgets.twimg.com	2	{}
amazon.com	z-ecx.images-amazon.com	1	{"category": "Content", "url": "http://www.amazon.com/", "name": "Amazon.com"}
amirite.com	ajax.googleapis.com	1	{"category": "Content", "url": "http://www.google.com/", "name": "Google"}
amirite.com	assets.amirite.net	1	{}
amirite.com	pagead2.googlesyndication.com	1	{"category": "Advertising", "url": "http://www.google.com/", "name": "Google"}
amvona.com		1	{}
amvona.com	ajax.googleapis.com	1	{"category": "Content", "url": "http://www.google.com/", "name": "Google"}
ancestry.com		3	{}
ancestry.com	c.mfcreative.com	1	{}
ancestry.com	w.sharethis.com	1	{"category": "Social", "url": "http://sharethis.com/", "name": "ShareThis"}
angieslist.com	angieslist.com	28	{}
angieslist.com	content.angieslist.com	7	{}
angieslist.com	media.angieslist.com	7	{}
angieslist.com	s.btstatic.com	7	{"category": "Advertising", "url": "http://www.brighttag.com/", "name": "BrightTag"}
aniboom.com		1	{}
aniboom.com	ajax.googleapis.com	1	{"category": "Content", "url": "http://www.google.com/", "name": "Google"}
aol.com	o.aolcdn.com	9	{"category": "Content", "url": "http://www.aol.com/", "name": "AOL"}
aol.com	portal.aolcdn.com	9	{"category": "Content", "url": "http://www.aol.com/", "name": "AOL"}
aolanswers.com	cdn.aolanswers.com	2	{"category": "Content", "url": "http://www.aol.com/", "name": "AOL"}
aolanswers.com	pagead2.googlesyndication.com	2	{"category": "Advertising", "url": "http://www.google.com/", "name": "Google"}
aolanswers.com	platform.twitter.com	3	{"category": "Social", "url": "http://www.twitter.com/", "name": "Twitter"}
aolanswers.com	s1.anscdn.net	3	{}
aolanswers.com	scripts.chitika.net	1	{"category": "Advertising", "url": "http://chitika.com/", "name": "Chitika"}
apartmentlist.com	connect.facebook.net	1	{}
apartmentlist.com	d1zlltfqcza83r.cloudfront.net	1	{"category": "Content", "url": "http://www.amazon.com/", "name": "Amazon.com"}
apartmentlist.com	platform.twitter.com	1	{"category": "Social", "url": "http://www.twitter.com/", "name": "Twitter"}
apartmentlist.com	s7.addthis.com	1	{"category": "Social", "url": "http://www.addthis.com/", "name": "AddThis"}
apomio.de	apis.google.com	1	{"category": "Content", "url": "http://www.google.com/", "name": "Google"}
apomio.de	image1.apomio.de	1	{}
apomio.de	image2.apomio.de	1	{}
apomio.de	image6.apomio.de	1	{}
apomio.de	image7.apomio.de	1	{}
apomio.de	image9.apomio.de	1	{}
appolicious.com	ajax.googleapis.com	1	{"category": "Content", "url": "http://www.google.com/", "name": "Google"}
appolicious.com	apis.google.com	1	{"category": "Content", "url": "http://www.google.com/", "name": "Google"}
appolicious.com	c1368582.cdn.cloudfiles.rackspacecloud.com	1	{}
appolicious.com	static.ak.fbcdn.net	1	{"category": "Content", "url": "http://www.facebook.com/", "name": "Facebook"}
architonic.com	apis.google.com	2	{"category": "Content", "url": "http://www.google.com/", "name": "Google"}
architonic.com	architonic.com	2	{}
architonic.com	assets.pinterest.com	2	{"category": "Content", "url": "http://pinterest.com/", "name": "Pinterest"}
architonic.com	platform.linkedin.com	2	{"category": "Social", "url": "http://www.linkedin.com/", "name": "LinkedIn"}
ask.com	ecn.dev.virtualearth.net	1	{}
ask.com	mapx.iad.ask.com	1	{}
ask.com	sp.ask.com	1	{}
audioboo.fm	d15mj6e6qmt1na.cloudfront.net	4	{"category": "Content", "url": "http://www.amazon.com/", "name": "Amazon.com"}
audionetwork.com		1	{}
audionetwork.com	ajax.googleapis.com	1	{"category": "Content", "url": "http://www.google.com/", "name": "Google"}
audionetwork.com	s7.addthis.com	1	{"category": "Social", "url": "http://www.addthis.com/", "name": "AddThis"}
audionetwork.com	use.typekit.com	1	{"category": "Content", "url": "http://www.adobe.com/", "name": "Adobe"}
authorstream.com	ajax.googleapis.com	1	{"category": "Content", "url": "http://www.google.com/", "name": "Google"}
authorstream.com	assets.pinterest.com	1	{"category": "Content", "url": "http://pinterest.com/", "name": "Pinterest"}
authorstream.com	authorstream.com	5	{}
authorstream.com	cdn.gigya.com	1	{"category": "Content", "url": "http://www.gigya.com/", "name": "Gigya"}
authorstream.com	pagead2.googlesyndication.com	1	{"category": "Advertising", "url": "http://www.google.com/", "name": "Google"}
authorstream.com	partner.googleadservices.com	2	{"category": "Advertising", "url": "http://www.google.com/", "name": "Google"}
avvo.com	assets1.iavvo.com	1	{}
avvo.com	assets2.iavvo.com	1	{}
avvo.com	googleadservices.com	2	{"category": "Advertising", "url": "http://www.google.com/", "name": "Google"}
bagborroworsteal.com	googleadservices.com	2	{"category": "Advertising", "url": "http://www.google.com/", "name": "Google"}
bagborroworsteal.com	s7.addthis.com	2	{"category": "Social", "url": "http://www.addthis.com/", "name": "AddThis"}
bagborroworsteal.com	static3.avelleassets.com	2	{}
bambuser.com	maps.google.com	1	{"category": "Content", "url": "http://www.google.com/", "name": "Google"}
bambuser.com	static.bambuser.com	1	{}
barnesandnoble.com	img3.imagesbn.com	12	{}
beautylish.com	ajax.googleapis.com	1	{"category": "Content", "url": "http://www.google.com/", "name": "Google"}
beautylish.com	googleadservices.com	1	{"category": "Advertising", "url": "http://www.google.com/", "name": "Google"}
beautylish.com	s.beautylish.co	1	{}
behance.net	a2.behance.net	8	{}
behance.net	cdn.optimizely.com	6	{"category": "Content", "url": "https://www.optimizely.com/", "name": "Optimizely"}
behance.net	google.com	2	{"category": "Content", "url": "http://www.google.com/", "name": "Google"}
behance.net	platform.linkedin.com	4	{"category": "Social", "url": "http://www.linkedin.com/", "name": "LinkedIn"}
betterfly.com		2	{}
betterworldbooks.com		2	{}
betterworldbooks.com	ajax.googleapis.com	2	{"category": "Content", "url": "http://www.google.com/", "name": "Google"}
betterworldbooks.com	betterworldbooks.collect.igodigital.com	2	{}
betterworldbooks.com	d1ygf77yf1jfd8.cloudfront.net	2	{"category": "Content", "url": "http://www.amazon.com/", "name": "Amazon.com"}
betterworldbooks.com	googleadservices.com	2	{"category": "Advertising", "url": "http://www.google.com/", "name": "Google"}
betterworldbooks.com	js	2	{}
bidmc.org		9	{}
bidmc.org	w.sharethis.com	9	{"category": "Social", "url": "http://sharethis.com/", "name": "ShareThis"}
bigwords.com		1	{}
bigwords.com	ajax.googleapis.com	2	{"category": "Content", "url": "http://www.google.com/", "name": "Google"}
bigwords.com	bigwords.com	2	{}
bigwords.com	cdn.gigya.com	2	{"category": "Content", "url": "http://www.gigya.com/", "name": "Gigya"}
bigwords.com	googleadservices.com	2	{"category": "Advertising", "url": "http://www.google.com/", "name": "Google"}
billskhakis.com		1	{}
billskhakis.com	billskhakis.com	1	{}
bing.com		4	{}
bing.com	analytics.live.com	1	{"category": "Content", "url": "http://www.microsoft.com/", "name": "Microsoft"}
bing.com	bing.com	2	{"category": "Content", "url": "http://www.microsoft.com/", "name": "Microsoft"}
bing.com	img.widgets.video.s-msn.com	1	{"category": "Content", "url": "http://www.microsoft.com/", "name": "Microsoft"}
bing.com	platform.linkedin.com	1	{"category": "Social", "url": "http://www.linkedin.com/", "name": "LinkedIn"}
binpress.com		1	{}
binpress.com	ajax.googleapis.com	1	{"category": "Content", "url": "http://www.google.com/", "name": "Google"}
bloglovin.com		1	{}
blogtalkradio.com		2	{}
blogtalkradio.com	cdn1.btrstatic.com	2	{}
bluefly.com	answers.bluefly.com	1	{}
bluefly.com	cdn.bluefly.com	20	{}
bluefly.com	cdn.media.bluefly.com	3	{}
bluefly.com	cdn.mercent.com	3	{"category": "Advertising", "url": "http://www.mercent.com/", "name": "Mercent"}
bluefly.com	platform.twitter.com	1	{"category": "Social", "url": "http://www.twitter.com/", "name": "Twitter"}
bluefly.com	reviews.bluefly.com	1	{}
bluepointsecurity.com		1	{}
bluepointsecurity.com	..	1	{}
bluepointsecurity.com	curvycorners.src.js	1	{}
bluepointsecurity.com	stmenu.js	1	{}
blurb.com	assets0.blurb.com	7	{}
blurb.com	assets1.blurb.com	5	{}
blurb.com	assets2.blurb.com	5	{}
blurb.com	assets3.blurb.com	7	{}
blurb.com	res.levexis.com	7	{"category": "Advertising", "url": "http://www.levexis.com/", "name": "Levexis"}
bookit.com	bookit.com	5	{}
bookit.com	d18knam5jsj7ca.cloudfront.net	3	{"category": "Content", "url": "http://www.amazon.com/", "name": "Amazon.com"}
bookit.com	from.bookit.com	5	{}
bookit.com	googleadservices.com	6	{"category": "Advertising", "url": "http://www.google.com/", "name": "Google"}
bookit.com	images.bookit.com	5	{}
branders.com	ajax.googleapis.com	1	{"category": "Content", "url": "http://www.google.com/", "name": "Google"}
branders.com	branders.com	9	{}
branders.com	cache.branders.com	1	{}
branders.com	googleadservices.com	1	{"category": "Advertising", "url": "http://www.google.com/", "name": "Google"}
branders.com	platform.linkedin.com	1	{"category": "Social", "url": "http://www.linkedin.com/", "name": "LinkedIn"}
branders.com	platform.twitter.com	1	{"category": "Social", "url": "http://www.twitter.com/", "name": "Twitter"}
brighttalk.com		1	{}
broadinstitute.org		1	{}
brookstone.com		7	{}
brookstone.com	cts-secure.channelintelligence.com	7	{"category": "Advertising", "url": "http://www.channelintelligence.com/", "name": "Channel Intelligence"}
brookstone.com	w.sharethis.com	4	{"category": "Social", "url": "http://sharethis.com/", "name": "ShareThis"}
bu.edu	bu.edu	4	{}
bullguard.com		4	{}
businessinsider.com	ak.sail-horizon.com	2	{}
businessinsider.com	assets.pinterest.com	2	{"category": "Content", "url": "http://pinterest.com/", "name": "Pinterest"}
businessinsider.com	code.jquery.com	2	{}
businessinsider.com	platform.linkedin.com	2	{"category": "Social", "url": "http://www.linkedin.com/", "name": "LinkedIn"}
businessinsider.com	reddit.com	6	{"category": "Social", "url": "http://www.reddit.com/", "name": "reddit"}
businessinsider.com	static6.businessinsider.com	2	{}
businessinsider.com	widgets.digg.com	2	{"category": "Social", "url": "http://digg.com/", "name": "Digg"}
businessinsider.com	ycharts.com	1	{}
busuu.com		4	{}
busuu.com	ajax.googleapis.com	4	{"category": "Content", "url": "http://www.google.com/", "name": "Google"}
busuu.com	busuu.com	24	{}
buzzfeed.com	apis.google.com	6	{"category": "Content", "url": "http://www.google.com/", "name": "Google"}
buzzfeed.com	s3-ak.buzzfed.com	9	{"category": "Content", "url": "http://www.buzzfeed.com/", "name": "BuzzFeed"}
bvents.com		3	{}
bvents.com	pagead2.googlesyndication.com	3	{"category": "Advertising", "url": "http://www.google.com/", "name": "Google"}
cafepress.com	cafepress.com	1	{}
cafepress.com	content.cafepress.com	1	{}
cafepress.com	content.cpcache.com	5	{}
cafepress.com	content1.cpcache.com	1	{}
cafepress.com	content2.cpcache.com	1	{}
cafepress.com	output97.rssinclude.com	1	{}
cafepress.com	partner.googleadservices.com	1	{"category": "Advertising", "url": "http://www.google.com/", "name": "Google"}
cafepress.com	s7.addthis.com	2	{"category": "Social", "url": "http://www.addthis.com/", "name": "AddThis"}
cafepress.com	sm1.sitemeter.com	1	{"category": "Advertising", "url": "http://www.specificmedia.com/", "name": "Specific Media"}
campusbookrentals.com		2	{}
campusbookrentals.com	ajax.microsoft.com	2	{"category": "Content", "url": "http://www.microsoft.com/", "name": "Microsoft"}
campusbookrentals.com	apis.google.com	2	{"category": "Content", "url": "http://www.google.com/", "name": "Google"}
campusbookrentals.com	campusbookrentals.ugc.bazaarvoice.com	2	{"category": "Content", "url": "http://www.bazaarvoice.com/", "name": "Bazaarvoice"}
campusbookrentals.com	tags.mediaforge.com	2	{"category": "Advertising", "url": "http://www.mediaforge.com/", "name": "mediaFORGE"}
canpages.ca	ecn.dev.virtualearth.net	4	{}
canpages.ca	static.canpages.ca	4	{}
capitalnewyork.com		1	{}
capitalnewyork.com	capitalnewyork.com	2	{}
capitalnewyork.com	platform.twitter.com	1	{"category": "Social", "url": "http://www.twitter.com/", "name": "Twitter"}
capitalnewyork.com	s7.addthis.com	1	{"category": "Social", "url": "http://www.addthis.com/", "name": "AddThis"}
care.com	maps.google.com	1	{"category": "Content", "url": "http://www.google.com/", "name": "Google"}
care.com	platform.twitter.com	4	{"category": "Social", "url": "http://www.twitter.com/", "name": "Twitter"}
care.com	s.cdn-care.com	5	{}
carparts.com	js.cpsimg.com	2	{}
causes.com	ajax.googleapis.com	9	{"category": "Content", "url": "http://www.google.com/", "name": "Google"}
causes.com	causes-assets00.caudn.com	9	{}
causes.com	causes-assets02.caudn.com	9	{}
causes.com	cdn.optimizely.com	9	{"category": "Content", "url": "https://www.optimizely.com/", "name": "Optimizely"}
ceint.duke.edu		1	{}
cheezburger.com	s.chzbgr.com	9	{}
chesscube.com	.	1	{}
chesscube.com	chesscube.com	1	{}
cisco.com		7	{}
citysports.com	citysports.com	5	{}
citysports.com	static.marketvinepicks.com	2	{}
citysports.com	t.p.mybuys.com	2	{"category": "Advertising", "url": "http://www.mybuys.com/", "name": "MyBuys"}
cmu.edu	..	2	{}
cmu.edu	cmu.edu	6	{}
coalgrillandbar.co.uk	..	1	{}
collegehumor.com	0.static.collegehumor.cvcdn.com	9	{}
collegehumor.com	1.static.collegehumor.cvcdn.com	6	{}
collegehumor.com	c.compete.com	9	{"category": "Analytics", "url": "http://www.wpp.com/", "name": "WPP"}
collegehumor.com	edge.quantserve.com	9	{"category": "Advertising", "url": "http://www.quantcast.com/", "name": "Quantcast"}
collegehumor.com	loadus.exelator.com	9	{"category": "Advertising", "url": "http://exelate.com/", "name": "eXelate"}
collegehumor.com	metrics.chmedia.com	9	{}
collegehumor.com	voss.collegehumor.com	7	{}
colourlovers.com	ajax.googleapis.com	3	{"category": "Content", "url": "http://www.google.com/", "name": "Google"}
colourlovers.com	cdn.optimizely.com	3	{"category": "Content", "url": "https://www.optimizely.com/", "name": "Optimizely"}
colourlovers.com	edge.quantserve.com	3	{"category": "Advertising", "url": "http://www.quantcast.com/", "name": "Quantcast"}
colourlovers.com	static.colourlovers.com	3	{}
colourlovers.com	static.fmpub.net	3	{"category": "Advertising", "url": "http://www.federatedmedia.net/", "name": "Federated Media"}
comixology.com	edge.quantserve.com	1	{"category": "Advertising", "url": "http://www.quantcast.com/", "name": "Quantcast"}
comixology.com	googleadservices.com	1	{"category": "Advertising", "url": "http://www.google.com/", "name": "Google"}
comixology.com	store-images.comixology.com	1	{}
commonsensemedia.org	commonsensemedia.org	4	{}
commonsensemedia.org	edge.quantserve.com	2	{"category": "Advertising", "url": "http://www.quantcast.com/", "name": "Quantcast"}
company.com	sites-01.matchpoint.net	2	{}
cooking.com		6	{}
cooking.com	Master.js	6	{}
cooking.com	SearchBar.js	6	{}
cooking.com	easySlider.js	6	{}
cooking.com	edge.quantserve.com	6	{"category": "Advertising", "url": "http://www.quantcast.com/", "name": "Quantcast"}
cooking.com	google.com	3	{"category": "Content", "url": "http://www.google.com/", "name": "Google"}
cooking.com	javascript	6	{}
cooking.com	jquery.slidenote.js	6	{}
cooking.com	lytebox.js	6	{}
cooking.com	s7.addthis.com	6	{"category": "Social", "url": "http://www.addthis.com/", "name": "AddThis"}
couchbase.com		1	{}
coveroo.com		1	{}
coveroo.com	d54ha93qrghds.cloudfront.net	1	{"category": "Content", "url": "http://www.amazon.com/", "name": "Amazon.com"}
coveroo.com	pixeleze.com	1	{}
crestock.com		1	{}
crestock.com	s7.addthis.com	1	{"category": "Social", "url": "http://www.addthis.com/", "name": "AddThis"}
crispygamer.com		1	{}
crocs.com		1	{}
crocs.com	cdns.gigya.com	1	{"category": "Content", "url": "http://www.gigya.com/", "name": "Gigya"}
crocs.com	demandware.edgesuite.net	1	{"category": "Content", "url": "http://www.akamai.com/", "name": "Akamai"}
crocs.com	espanol.crocs.com	1	{}
crunchyroll.com	apis.google.com	4	{"category": "Content", "url": "http://www.google.com/", "name": "Google"}
crunchyroll.com	static.ak.crunchyroll.com	4	{}
customink.com		3	{}
dailyburn.com		1	{}
dailyburn.com	ajax.googleapis.com	1	{"category": "Content", "url": "http://www.google.com/", "name": "Google"}
dailyburn.com	cdnjs.cloudflare.com	1	{}
dailyburn.com	cdns.amgdgt.com	1	{"category": "Advertising", "url": "http://www.adconion.com/", "name": "Adconion"}
dailyburn.com	d9lq0o81skkdj.cloudfront.net	1	{"category": "Content", "url": "http://www.amazon.com/", "name": "Amazon.com"}
dailyburn.com	googleadservices.com	1	{"category": "Advertising", "url": "http://www.google.com/", "name": "Google"}
daysofwonder.com		2	{}
daysofwonder.com	cdn0.daysofwonder.com	1	{}
dayzeroproject.com		1	{}
dayzeroproject.com	code.jquery.com	1	{}
depositphotos.com	apis.google.com	1	{"category": "Content", "url": "http://www.google.com/", "name": "Google"}
depositphotos.com	static.depositphotos.com	1	{}
desura.com	static.desura.com	1	{}
deviantart.com	st.deviantart.net	11	{}
dhgate.com	dhresource.com	2	{}
dhgate.com	googleadservices.com	1	{"category": "Advertising", "url": "http://www.google.com/", "name": "Google"}
digitick.com	digitick.com	3	{}
digitick.com	googleadservices.com	1	{"category": "Advertising", "url": "http://www.google.com/", "name": "Google"}
digitick.com	maps.google.com	1	{"category": "Content", "url": "http://www.google.com/", "name": "Google"}
digitick.com	platform.twitter.com	1	{"category": "Social", "url": "http://www.twitter.com/", "name": "Twitter"}
dipity.com	apis.google.com	4	{"category": "Content", "url": "http://www.google.com/", "name": "Google"}
dipity.com	cdn.dipity.com	4	{}
dipity.com	connect.facebook.net	4	{}
dipity.com	dipity.com	4	{}
dipity.com	edge.quantserve.com	4	{"category": "Advertising", "url": "http://www.quantcast.com/", "name": "Quantcast"}
dipity.com	maps.google.com	4	{"category": "Content", "url": "http://www.google.com/", "name": "Google"}
dipity.com	partner.googleadservices.com	4	{"category": "Advertising", "url": "http://www.google.com/", "name": "Google"}
djtunes.com		1	{}
djtunes.com	s7.addthis.com	1	{"category": "Social", "url": "http://www.addthis.com/", "name": "AddThis"}
dogster.com	a1.cdnsters.com	6	{}
dogster.com	apis.google.com	6	{"category": "Content", "url": "http://www.google.com/", "name": "Google"}
doostang.com		1	{}
dopplr.com	assets0.dopplr.com	2	{}
dopplr.com	assets2.dopplr.com	1	{}
dopplr.com	assets3.dopplr.com	1	{}
dopplr.com	maps.google.com	2	{"category": "Content", "url": "http://www.google.com/", "name": "Google"}
drync.com	drync.com	1	{}
drync.com	s3.amazonaws.com	1	{}
eatingwell.com		1	{}
eatingwell.com	ajax.cdnjs.com	1	{}
eatingwell.com	assets.pinterest.com	1	{"category": "Content", "url": "http://pinterest.com/", "name": "Pinterest"}
eatingwell.com	platform.twitter.com	1	{"category": "Social", "url": "http://www.twitter.com/", "name": "Twitter"}
eaton.com		1	{}
eaton.com	eaton.com	1	{}
ebay.com	gh.ebaystatic.com	4	{}
ebay.com	ir.ebaystatic.com	4	{}
ebioscience.com	ebioscience.com	1	{}
ecitele.com		1	{}
ecitele.com	ginwiz.com	1	{}
ecitele.com	googleadservices.com	1	{"category": "Advertising", "url": "http://www.google.com/", "name": "Google"}
edmodo.com		2	{}
edmodo.com	edge.quantserve.com	2	{"category": "Advertising", "url": "http://www.quantcast.com/", "name": "Quantcast"}
eharmony.com	ajax.googleapis.com	1	{"category": "Content", "url": "http://www.google.com/", "name": "Google"}
eharmony.com	eharmony.com	1	{}
eharmony.com	static.eharmony.com	1	{}
en.dawanda.com	assets.dawanda.com	2	{}
en.dawanda.com	dawanda.com	2	{}
en.dawanda.com	google.com	5	{"category": "Content", "url": "http://www.google.com/", "name": "Google"}
erepublik.com		4	{}
erepublik.com	ajax.googleapis.com	4	{"category": "Content", "url": "http://www.google.com/", "name": "Google"}
erepublik.com	api.recaptcha.net	1	{"category": "Content", "url": "http://www.google.com/", "name": "Google"}
erepublik.com	erepublik.com	4	{}
erepublik.com	s7.addthis.com	1	{"category": "Social", "url": "http://www.addthis.com/", "name": "AddThis"}
etsy.com	site.etsystatic.com	5	{}
eventbrite.com	ebmedia.eventbrite.com	4	{"category": "Content", "url": "http://www.eventbrite.com/", "name": "EventBrite"}
eventbrite.com	google.com	1	{"category": "Content", "url": "http://www.google.com/", "name": "Google"}
eventbrite.com	maps.google.com	2	{"category": "Content", "url": "http://www.google.com/", "name": "Google"}
eventful.com	ajax.googleapis.com	5	{"category": "Content", "url": "http://www.google.com/", "name": "Google"}
eventful.com	s1.evcdn.com	5	{}
evi.com		1	{}
evi.com	apis.google.com	1	{"category": "Content", "url": "http://www.google.com/", "name": "Google"}
evi.com	google.com	1	{"category": "Content", "url": "http://www.google.com/", "name": "Google"}
evo.com		1	{}
evo.com	ajax.googleapis.com	1	{"category": "Content", "url": "http://www.google.com/", "name": "Google"}
evo.com	content.mkt941.com	1	{}
faniq.com		1	{}
faniq.com	craftkeys.com	1	{}
faniq.com	edge.quantserve.com	1	{"category": "Advertising", "url": "http://www.quantcast.com/", "name": "Quantcast"}
faniq.com	g2.gumgum.com	1	{"category": "Advertising", "url": "http://gumgum.com/", "name": "GumGum"}
faniq.com	google.com	1	{"category": "Content", "url": "http://www.google.com/", "name": "Google"}
faniq.com	network.yardbarker.com	1	{}
faniq.com	platform.twitter.com	1	{"category": "Social", "url": "http://www.twitter.com/", "name": "Twitter"}
fashiolista.com	u.fashiocdn.com	1	{}
fashism.com	ajax.googleapis.com	1	{"category": "Content", "url": "http://www.google.com/", "name": "Google"}
fashism.com	fashism-production.s3.amazonaws.com	1	{}
fashism.com	s.skimresources.com	1	{"category": "Advertising", "url": "http://skimlinks.com/", "name": "Skimlinks"}
favim.com		7	{}
favim.com	apis.google.com	7	{"category": "Content", "url": "http://www.google.com/", "name": "Google"}
favim.com	pagead2.googlesyndication.com	7	{"category": "Advertising", "url": "http://www.google.com/", "name": "Google"}
favim.com	w.sharethis.com	7	{"category": "Social", "url": "http://sharethis.com/", "name": "ShareThis"}
feedbooks.com	assets3.feedbooks.net	6	{}
fiestafrog.com		1	{}
fiestafrog.com	apis.google.com	1	{"category": "Content", "url": "http://www.google.com/", "name": "Google"}
fiestafrog.com	fiestafrog.com	6	{}
fiestafrog.com	platform.twitter.com	1	{"category": "Social", "url": "http://www.twitter.com/", "name": "Twitter"}
figleaves.com		2	{}
figleaves.com	w.sharethis.com	2	{"category": "Social", "url": "http://sharethis.com/", "name": "ShareThis"}
figures.com	figures.com	1	{}
figures.com	yui.yahooapis.com	1	{"category": "Content", "url": "http://www.yahoo.com/", "name": "Yahoo!"}
filmfresh.com		1	{}
filmfresh.com	d31qbv1cthcecs.cloudfront.net	1	{"category": "Content", "url": "http://www.amazon.com/", "name": "Amazon.com"}
fiverr.com	apis.google.com	1	{"category": "Content", "url": "http://www.google.com/", "name": "Google"}
fiverr.com	cdn11.fiverr.com	1	{}
fiverr.com	cdn12.fiverr.com	1	{}
fiverr.com	cdn13.fiverr.com	1	{}
fiverr.com	googleadservices.com	2	{"category": "Advertising", "url": "http://www.google.com/", "name": "Google"}
flipkey.com		4	{}
flipkey.com	ecn.dev.virtualearth.net	2	{}
folica.com	cdn.optimizely.com	5	{"category": "Content", "url": "https://www.optimizely.com/", "name": "Optimizely"}
folica.com	googleadservices.com	5	{"category": "Advertising", "url": "http://www.google.com/", "name": "Google"}
folica.com	s1.folica.com	5	{}
foodily.com		5	{}
fool.com	ad.doubleclick.net	1	{}
fool.com	an.tacoda.net	1	{"category": "Advertising", "url": "http://www.aol.com/", "name": "AOL"}
fool.com	g.fool.com	1	{}
fool.com	o.aolcdn.com	1	{"category": "Content", "url": "http://www.aol.com/", "name": "AOL"}
fool.com	secure.quantserve.com	1	{"category": "Advertising", "url": "http://www.quantcast.com/", "name": "Quantcast"}
formspring.me	cdn.formspring.me	12	{}
formspring.me	edge.quantserve.com	12	{"category": "Advertising", "url": "http://www.quantcast.com/", "name": "Quantcast"}
fotopedia.com	d1i7zn8xxi12eh.cloudfront.net	1	{"category": "Content", "url": "http://www.amazon.com/", "name": "Amazon.com"}
frequency.com		2	{}
frequency.com	google.com	2	{"category": "Content", "url": "http://www.google.com/", "name": "Google"}
friendfeed.com		8	{}
funnyordie.com	livepassdl.conviva.com	5	{"category": "Content", "url": "http://www.conviva.com/", "name": "Conviva"}
funnyordie.com	public0.ordienetworks.com	10	{}
gamefly.com	gamefly.gameflycdn.com	4	{}
gather.com	edge.quantserve.com	2	{"category": "Advertising", "url": "http://www.quantcast.com/", "name": "Quantcast"}
gather.com	js	2	{}
gather.com	pixel.quantserve.com	2	{"category": "Advertising", "url": "http://www.quantcast.com/", "name": "Quantcast"}
gdgt.com	ajax.googleapis.com	3	{"category": "Content", "url": "http://www.google.com/", "name": "Google"}
gdgt.com	media.gdgt.com	3	{}
gdgt.com	o.aolcdn.com	3	{"category": "Content", "url": "http://www.aol.com/", "name": "AOL"}
geckogo.com	edge.quantserve.com	1	{"category": "Advertising", "url": "http://www.quantcast.com/", "name": "Quantcast"}
geckogo.com	maps.google.com	1	{"category": "Content", "url": "http://www.google.com/", "name": "Google"}
geckogo.com	partner.googleadservices.com	1	{"category": "Advertising", "url": "http://www.google.com/", "name": "Google"}
geckogo.com	ui.geckogo.com	1	{}
genbook.com	genbook.com	2	{}
genbook.com	google-analytics.com	2	{"category": "Analytics", "url": "http://www.google.com", "name": "Google"}
genbook.com	s7.addthis.com	1	{"category": "Social", "url": "http://www.addthis.com/", "name": "AddThis"}
geni.com		4	{}
geni.com	ajax.googleapis.com	4	{"category": "Content", "url": "http://www.google.com/", "name": "Google"}
geni.com	apis.google.com	3	{"category": "Content", "url": "http://www.google.com/", "name": "Google"}
geni.com	assets0.geni.com	2	{}
geni.com	assets1.geni.com	3	{}
geni.com	assets2.geni.com	2	{}
geni.com	assets3.geni.com	1	{}
geni.com	google.com	2	{"category": "Content", "url": "http://www.google.com/", "name": "Google"}
geni.com	maps.googleapis.com	2	{"category": "Content", "url": "http://www.google.com/", "name": "Google"}
gigaom.com	0.gravatar.com	1	{"category": "Content", "url": "http://automattic.com/", "name": "Automattic"}
gigaom.com	edge.quantserve.com	1	{"category": "Advertising", "url": "http://www.quantcast.com/", "name": "Quantcast"}
gigaom.com	platform.twitter.com	1	{"category": "Social", "url": "http://www.twitter.com/", "name": "Twitter"}
gigaom.com	player.ooyala.com	1	{"category": "Content", "url": "http://www.ooyala.com/", "name": "Ooyala"}
gigaom.com	r-login.wordpress.com	1	{"category": "Content", "url": "http://www.wordpress.com/", "name": "Wordpress"}
gigaom.com	s.stats.wordpress.com	1	{"category": "Content", "url": "http://www.wordpress.com/", "name": "Wordpress"}
gigaom.com	s0.wp.com	1	{"category": "Content", "url": "http://www.wordpress.com/", "name": "Wordpress"}
gigaom.com	s1.wp.com	1	{"category": "Content", "url": "http://www.wordpress.com/", "name": "Wordpress"}
gigaom.com	s2.wp.com	1	{"category": "Content", "url": "http://www.wordpress.com/", "name": "Wordpress"}
gigaom.com	statcounter.com	1	{"category": "Analytics", "url": "http://statcounter.com/", "name": "StatCounter"}
giggle.com	ajax.googleapis.com	2	{"category": "Content", "url": "http://www.google.com/", "name": "Google"}
giggle.com	as00.estara.com	1	{"category": "Advertising", "url": "http://www.oracle.com/", "name": "Oracle"}
giggle.com	demandware.edgesuite.net	2	{"category": "Content", "url": "http://www.akamai.com/", "name": "Akamai"}
giggle.com	giggle.ugc.bazaarvoice.com	1	{"category": "Content", "url": "http://www.bazaarvoice.com/", "name": "Bazaarvoice"}
giggle.com	googleadservices.com	2	{"category": "Advertising", "url": "http://www.google.com/", "name": "Google"}
giggle.com	s7.addthis.com	1	{"category": "Social", "url": "http://www.addthis.com/", "name": "AddThis"}
giggle.com	static.atgsvcs.com	1	{"category": "Content", "url": "http://www.oracle.com/", "name": "Oracle"}
gigmasters.com	ajax.googleapis.com	5	{"category": "Content", "url": "http://www.google.com/", "name": "Google"}
gigmasters.com	apis.google.com	5	{"category": "Content", "url": "http://www.google.com/", "name": "Google"}
gigmasters.com	dd86mil3sc3or.cloudfront.net	5	{"category": "Content", "url": "http://www.amazon.com/", "name": "Amazon.com"}
gigmasters.com	privacy-policy.truste.com	5	{"category": "Advertising", "url": "http://www.truste.com/", "name": "TRUSTe"}
gigmasters.com	s7.addthis.com	4	{"category": "Social", "url": "http://www.addthis.com/", "name": "AddThis"}
gigmasters.com	server.iad.liveperson.net	5	{"category": "Content", "url": "http://www.liveperson.net/", "name": "LivePerson"}
globalgrind.com	cdn.media6degrees.com	1	{"category": "Advertising", "url": "http://m6d.com/", "name": "m6d"}
globalgrind.com	cdn.wibiya.com	1	{"category": "Content", "url": "http://www.conduit.com/", "name": "Conduit"}
globalgrind.com	globalgrind.com	1	{}
globalgrind.com	static.getclicky.com	1	{"category": "Analytics", "url": "http://roxr.net/", "name": "Roxr"}
godtube.com	allpass.salemwebnetwork.com	3	{}
godtube.com	apis.google.com	3	{"category": "Content", "url": "http://www.google.com/", "name": "Google"}
godtube.com	assets.pinterest.com	3	{"category": "Content", "url": "http://pinterest.com/", "name": "Pinterest"}
godtube.com	googleadservices.com	3	{"category": "Advertising", "url": "http://www.google.com/", "name": "Google"}
godtube.com	media.salemwebnetwork.com	3	{}
gomiso.com	dnn506yrbagrg.cloudfront.net	2	{"category": "Content", "url": "http://www.amazon.com/", "name": "Amazon.com"}
gomiso.com	gomiso.com	4	{}
gomiso.com	platform.twitter.com	1	{"category": "Social", "url": "http://www.twitter.com/", "name": "Twitter"}
good.is		2	{}
good.is	connect.facebook.net	2	{}
good.is	maps.googleapis.com	2	{"category": "Content", "url": "http://www.google.com/", "name": "Google"}
good.is	registration.good.is	2	{}
goodguide.com	ajax.googleapis.com	1	{"category": "Content", "url": "http://www.google.com/", "name": "Google"}
goodguide.com	cdn.echoenabled.com	1	{}
goodguide.com	resources-1.goodguide.net	1	{}
goodguide.com	resources-2.goodguide.net	1	{}
goodguide.com	static-resources.goodguide.com	1	{}
goodguide.com	use.typekit.com	1	{"category": "Content", "url": "http://www.adobe.com/", "name": "Adobe"}
goodreads.com	bookads2.goodreads.com	3	{}
goodreads.com	google.com	2	{"category": "Content", "url": "http://www.google.com/", "name": "Google"}
goodreads.com	partner.googleadservices.com	4	{"category": "Advertising", "url": "http://www.google.com/", "name": "Google"}
goodreads.com	s.gr-assets.com	4	{}
google.com		1	{}
google.com	google.com	1	{"category": "Content", "url": "http://www.google.com/", "name": "Google"}
grabcad.com	d9ej3djcdo585.cloudfront.net	4	{"category": "Content", "url": "http://www.amazon.com/", "name": "Amazon.com"}
greatist.com	buzzsprout.com	1	{}
greatist.com	c.compete.com	1	{"category": "Analytics", "url": "http://www.wpp.com/", "name": "WPP"}
greatist.com	consent.truste.com	1	{"category": "Advertising", "url": "http://www.truste.com/", "name": "TRUSTe"}
greatist.com	greatist.com	1	{}
greatist.com	w.sharethis.com	1	{"category": "Social", "url": "http://sharethis.com/", "name": "ShareThis"}
groupon.com		8	{}
groupon.com	assets2.grouponcdn.com	1	{}
heavy.com	ajax.googleapis.com	1	{"category": "Content", "url": "http://www.google.com/", "name": "Google"}
heavy.com	cdn.taboolasyndication.com	1	{}
heavy.com	heavy.com	2	{}
heavy.com	media.heavy.com	1	{}
heavy.com	reddit.com	2	{"category": "Social", "url": "http://www.reddit.com/", "name": "reddit"}
hopstop.com	img.ads.mocean.mobi	1	{}
hotpads.com		4	{}
housetrip.com	d3i0rt3d842dl4.cloudfront.net	1	{"category": "Content", "url": "http://www.amazon.com/", "name": "Amazon.com"}
housetrip.com	googleadservices.com	3	{"category": "Advertising", "url": "http://www.google.com/", "name": "Google"}
housetrip.com	s7.addthis.com	1	{"category": "Social", "url": "http://www.addthis.com/", "name": "AddThis"}
houzz.com	ajax.googleapis.com	2	{"category": "Content", "url": "http://www.google.com/", "name": "Google"}
houzz.com	houzz.com	15	{}
houzz.com	platform.twitter.com	2	{"category": "Social", "url": "http://www.twitter.com/", "name": "Twitter"}
howaboutwe.com		3	{}
ibeatyou.com	apis.google.com	1	{"category": "Content", "url": "http://www.google.com/", "name": "Google"}
ibeatyou.com	pagead2.googlesyndication.com	1	{"category": "Advertising", "url": "http://www.google.com/", "name": "Google"}
ibeatyou.com	pantheribeatyou.com	8	{}
ibm.com		2	{}
ibm.com	1.s81c.com	1	{}
ibm.com	dw1.s81c.com	1	{}
ibm.com	ibm.com	7	{"category": "Analytics", "url": "http://www.ibm.com/", "name": "IBM"}
ibm.com	www-304.ibm.com	1	{"category": "Analytics", "url": "http://www.ibm.com/", "name": "IBM"}
ice.com		18	{}
ice.com	api.treepodia.com	4	{}
ice.com	d3aa0ztdn3oibi.cloudfront.net	4	{"category": "Content", "url": "http://www.amazon.com/", "name": "Amazon.com"}
ice.com	ice.ugc.bazaarvoice.com	4	{"category": "Content", "url": "http://www.bazaarvoice.com/", "name": "Bazaarvoice"}
ice.com	img.pulsemgr.com	4	{"category": "Advertising", "url": "http://www.buysight.com/", "name": "Buysight"}
ice.com	nexus.ensighten.com	18	{"category": "Advertising", "url": "http://www.ensighten.com/", "name": "Ensighten"}
ice.com	static.marketvinepicks.com	4	{}
idealista.com		1	{}
idealista.com	smart.idealista.com	1	{}
imagekind.com		3	{}
imagekind.com	..	1	{}
imagekind.com	apis.google.com	2	{"category": "Content", "url": "http://www.google.com/", "name": "Google"}
imagekind.com	tags.mediaforge.com	2	{"category": "Advertising", "url": "http://www.mediaforge.com/", "name": "mediaFORGE"}
imtmems.com		2	{}
imvu.com	edge.quantserve.com	1	{"category": "Advertising", "url": "http://www.quantcast.com/", "name": "Quantcast"}
imvu.com	www-akm.imvu.com	1	{}
incomediscovery.com	js	1	{}
indeed.com		5	{}
indeed.com	google.com	2	{"category": "Content", "url": "http://www.google.com/", "name": "Google"}
indeed.com	googleadservices.com	6	{"category": "Advertising", "url": "http://www.google.com/", "name": "Google"}
indexuniverse.com		1	{}
indexuniverse.com	edge.quantserve.com	1	{"category": "Advertising", "url": "http://www.quantcast.com/", "name": "Quantcast"}
indexuniverse.com	google.com	1	{"category": "Content", "url": "http://www.google.com/", "name": "Google"}
indexuniverse.com	partner.googleadservices.com	1	{"category": "Advertising", "url": "http://www.google.com/", "name": "Google"}
indexuniverse.com	w.sharethis.com	1	{"category": "Social", "url": "http://sharethis.com/", "name": "ShareThis"}
indiamart.com	ajax.googleapis.com	1	{"category": "Content", "url": "http://www.google.com/", "name": "Google"}
indiamart.com	apps.imimg.com	1	{}
indiamart.com	fcp.imimg.com	1	{}
indiamart.com	pagead2.googlesyndication.com	1	{"category": "Advertising", "url": "http://www.google.com/", "name": "Google"}
indiamart.com	utils.imimg.com	1	{}
infochimps.com		3	{}
infochimps.com	infochimps.com	3	{}
intelepeer.com	google.com	1	{"category": "Content", "url": "http://www.google.com/", "name": "Google"}
intelepeer.com	intelepeer.com	30	{}
ixigo.com	edge.ixigo.com	2	{}
ixigo.com	googleadservices.com	2	{"category": "Advertising", "url": "http://www.google.com/", "name": "Google"}
jaeger.co.uk	assets.pinterest.com	2	{"category": "Content", "url": "http://pinterest.com/", "name": "Pinterest"}
jaeger.co.uk	demandware.edgesuite.net	7	{"category": "Content", "url": "http://www.akamai.com/", "name": "Akamai"}
jaeger.co.uk	googleadservices.com	7	{"category": "Advertising", "url": "http://www.google.com/", "name": "Google"}
jaeger.co.uk	s7.addthis.com	2	{"category": "Social", "url": "http://www.addthis.com/", "name": "AddThis"}
japancorp.net	jp.advfn.com	1	{}
japancorp.net	pagead2.googlesyndication.com	1	{"category": "Advertising", "url": "http://www.google.com/", "name": "Google"}
japancorp.net	s7.addthis.com	1	{"category": "Social", "url": "http://www.addthis.com/", "name": "AddThis"}
jigsaw.com		1	{}
jigsaw.com	cdn.optimizely.com	1	{"category": "Content", "url": "https://www.optimizely.com/", "name": "Optimizely"}
jigsaw.com	static.jigsaw.com	1	{}
kaspersky.com		2	{}
kaspersky.com	googleadservices.com	2	{"category": "Advertising", "url": "http://www.google.com/", "name": "Google"}
kaspersky.com	service.maxymiser.net	2	{}
kaufda.de	kaufda.de	24	{}
kaufda.de	kaufda.ivwbox.de	2	{"category": "Analytics", "url": "https://www.infonline.de/", "name": "INFOnline"}
kickstarter.com	ajax.googleapis.com	2	{"category": "Content", "url": "http://www.google.com/", "name": "Google"}
kickstarter.com	d297h9he240fqh.cloudfront.net	3	{"category": "Content", "url": "http://www.amazon.com/", "name": "Amazon.com"}
kisskissbankbank.com		1	{}
kogeto.com		1	{}
kogeto.com	ajax.googleapis.com	1	{"category": "Content", "url": "http://www.google.com/", "name": "Google"}
kogeto.com	assets.pinterest.com	1	{"category": "Content", "url": "http://pinterest.com/", "name": "Pinterest"}
kogeto.com	googleadservices.com	2	{"category": "Advertising", "url": "http://www.google.com/", "name": "Google"}
kogeto.com	s7.addthis.com	1	{"category": "Social", "url": "http://www.addthis.com/", "name": "AddThis"}
kongregate.com	cdn1.kongcdn.com	4	{}
kongregate.com	cdn2.kongcdn.com	4	{}
kongregate.com	cdn3.kongcdn.com	4	{}
kongregate.com	cdn4.kongcdn.com	3	{}
kongregate.com	googletagservices.com	4	{"category": "Analytics", "url": "http://www.google.com", "name": "Google"}
lang-8.com	dik0hjusmgxq0.cloudfront.net	1	{"category": "Content", "url": "http://www.amazon.com/", "name": "Amazon.com"}
lang-8.com	pagead2.googlesyndication.com	1	{"category": "Advertising", "url": "http://www.google.com/", "name": "Google"}
lax.com		1	{}
lax.com	googleadservices.com	1	{"category": "Advertising", "url": "http://www.google.com/", "name": "Google"}
lax.com	nsg.symantec.com	1	{}
librarything.com	ajax.googleapis.com	3	{"category": "Content", "url": "http://www.google.com/", "name": "Google"}
librarything.com	librarything.com	3	{}
librarything.com	static.librarything.com	3	{}
livestream.com		3	{}
livestream.com	cdn-static.liverail.com	3	{"category": "Content", "url": "http://liverail.com/", "name": "LiveRail"}
livestream.com	d31qbv1cthcecs.cloudfront.net	3	{"category": "Content", "url": "http://www.amazon.com/", "name": "Amazon.com"}
livestream.com	edge.quantserve.com	3	{"category": "Advertising", "url": "http://www.quantcast.com/", "name": "Quantcast"}
livestream.com	googleadservices.com	3	{"category": "Advertising", "url": "http://www.google.com/", "name": "Google"}
livestream.com	objects.tremormedia.com	3	{"category": "Advertising", "url": "http://www.tremorvideo.com/", "name": "Tremor Video"}
lockheedmartin.com		2	{}
lockheedmartin.com	s7.addthis.com	2	{"category": "Social", "url": "http://www.addthis.com/", "name": "AddThis"}
lomography.com	apis.google.com	1	{"category": "Content", "url": "http://www.google.com/", "name": "Google"}
lomography.com	partner.googleadservices.com	1	{"category": "Advertising", "url": "http://www.google.com/", "name": "Google"}
lomography.com	platform.tumblr.com	1	{"category": "Content", "url": "http://www.tumblr.com/", "name": "Tumblr"}
lomography.com	public.lomography.com	1	{}
lotuscars.com	c660172.r72.cf3.rackcdn.com	2	{}
lotuscars.com	lotuscars.com	18	{}
lotuscars.com	s7.addthis.com	2	{"category": "Social", "url": "http://www.addthis.com/", "name": "AddThis"}
lovefilm.com	d12xmiixiuwp0c.cloudfront.net	2	{"category": "Content", "url": "http://www.amazon.com/", "name": "Amazon.com"}
lovefilm.com	d2frhgt2bq49dg.cloudfront.net	2	{"category": "Content", "url": "http://www.amazon.com/", "name": "Amazon.com"}
lovefilm.com	d3ralquy7p9xa4.cloudfront.net	2	{"category": "Content", "url": "http://www.amazon.com/", "name": "Amazon.com"}
lover.ly	ajax.googleapis.com	2	{"category": "Content", "url": "http://www.google.com/", "name": "Google"}
lover.ly	assets.pinterest.com	2	{"category": "Content", "url": "http://pinterest.com/", "name": "Pinterest"}
lover.ly	assets.zendesk.com	2	{"category": "Content", "url": "http://www.zendesk.com/", "name": "Zendesk"}
lover.ly	lover.ly	2	{}
lynda.com	cdn.lynda.com	8	{}
lynda.com	consent.truste.com	8	{"category": "Advertising", "url": "http://www.truste.com/", "name": "TRUSTe"}
lynda.com	s7.addthis.com	8	{"category": "Social", "url": "http://www.addthis.com/", "name": "AddThis"}
magix.com	typo3temp	2	{}
makemytrip.com	images5.makemytrip.com	1	{}
makemytrip.com	makemytrip.com	2	{}
makemytrip.com	maps.google.com	1	{"category": "Content", "url": "http://www.google.com/", "name": "Google"}
makemytrip.com	opti	1	{}
makemytrip.com	railways.makemytrip.com	1	{}
mamapedia.com		3	{}
mamapedia.com	deals.mamapedia.com	2	{}
mamapedia.com	pagead2.googlesyndication.com	2	{"category": "Advertising", "url": "http://www.google.com/", "name": "Google"}
mashable.com	cdn.taboolasyndication.com	2	{}
mashable.com	pagead2.googlesyndication.com	2	{"category": "Advertising", "url": "http://www.google.com/", "name": "Google"}
mashable.com	rack.2.mshcdn.com	4	{}
maxpreps.com	c13.static.nrcdn.com	2	{}
maxpreps.com	i.i.com.com	2	{"category": "Content", "url": "http://www.cbsinteractive.com/", "name": "CBS Interactive"}
maxpreps.com	www-content-v3.maxpreps.com.edgesuite.net	2	{"category": "Content", "url": "http://www.akamai.com/", "name": "Akamai"}
mc.vanderbilt.edu		1	{}
mc.vanderbilt.edu	intensedebate.com	1	{"category": "Content", "url": "http://automattic.com/", "name": "Automattic"}
mc.vanderbilt.edu	s7.addthis.com	1	{"category": "Social", "url": "http://www.addthis.com/", "name": "AddThis"}
mc.vanderbilt.edu	vanderbilthealth.com	2	{}
mcafee.com		2	{}
meetup.com	static1.meetupstatic.com	2	{}
meetup.com	static2.meetupstatic.com	1	{}
metacafe.com	edge.quantserve.com	4	{"category": "Advertising", "url": "http://www.quantcast.com/", "name": "Quantcast"}
metacafe.com	googleadservices.com	4	{"category": "Advertising", "url": "http://www.google.com/", "name": "Google"}
metacafe.com	s.mcstatic.com	4	{}
metacafe.com	s1.mcstatic.com	2	{}
metacafe.com	s3.mcstatic.com	3	{}
metacafe.com	s4.mcstatic.com	4	{}
metacafe.com	s6.mcstatic.com	3	{}
minted.com	apis.google.com	1	{"category": "Content", "url": "http://www.google.com/", "name": "Google"}
minted.com	cdn0.live1.mintedcdn.net	1	{}
minted.com	googleadservices.com	4	{"category": "Advertising", "url": "http://www.google.com/", "name": "Google"}
modenus.com		1	{}
mojopages.com		2	{}
mojopages.com	c.mojopages.com	2	{}
mojopages.com	content.worldnow.com	1	{}
mojopages.com	maps-static.chitika.net	1	{"category": "Advertising", "url": "http://chitika.com/", "name": "Chitika"}
mokosocialmedia.com	mokosocialmedia.com	1	{}
monoco.jp	ajax.googleapis.com	1	{"category": "Content", "url": "http://www.google.com/", "name": "Google"}
moosejaw.com		4	{}
moosejaw.com	assets.pinterest.com	4	{"category": "Content", "url": "http://pinterest.com/", "name": "Pinterest"}
moosejaw.com	d3cxv97fi8q177.cloudfront.net	4	{"category": "Content", "url": "http://www.amazon.com/", "name": "Amazon.com"}
moosejaw.com	googleadservices.com	4	{"category": "Advertising", "url": "http://www.google.com/", "name": "Google"}
moosejaw.com	t.p.mybuys.com	4	{"category": "Advertising", "url": "http://www.mybuys.com/", "name": "MyBuys"}
moosejaw.com	upfront.thefind.com	4	{}
mosync.com	jquery.js	1	{}
mosync.com	navtree.js	1	{}
mosync.com	resize.js	1	{}
mosync.com	search	1	{}
mpora.com	assets.mporatrons.com	6	{}
mskcc.org		1	{}
mskcc.org	mskcc.org	1	{}
mubi.com	apis.google.com	2	{"category": "Content", "url": "http://www.google.com/", "name": "Google"}
mubi.com	mubi.com	4	{}
mubi.com	partner.googleadservices.com	2	{"category": "Advertising", "url": "http://www.google.com/", "name": "Google"}
mulu.me		1	{}
mulu.me	ajax.googleapis.com	1	{"category": "Content", "url": "http://www.google.com/", "name": "Google"}
mulu.me	cdn.optimizely.com	1	{"category": "Content", "url": "https://www.optimizely.com/", "name": "Optimizely"}
mulu.me	platform.twitter.com	1	{"category": "Social", "url": "http://www.twitter.com/", "name": "Twitter"}
mulu.me	s3.amazonaws.com	1	{}
mulu.me	s7.addthis.com	1	{"category": "Social", "url": "http://www.addthis.com/", "name": "AddThis"}
musicnotes.com		4	{}
musicnotes.com	t.p.mybuys.com	4	{"category": "Advertising", "url": "http://www.mybuys.com/", "name": "MyBuys"}
muzu.tv		2	{}
muzu.tv	apis.google.com	2	{"category": "Content", "url": "http://www.google.com/", "name": "Google"}
muzu.tv	cdn.inskinmedia.com	2	{"category": "Advertising", "url": "http://inskinmedia.com/", "name": "InSkin Media"}
muzu.tv	muzu.tv	2	{}
my-wardrobe.com		1	{}
my-wardrobe.com	assets.pinterest.com	1	{"category": "Content", "url": "http://pinterest.com/", "name": "Pinterest"}
my-wardrobe.com	cdn11.my-wardrobe.com	1	{}
my-wardrobe.com	code.productsup.com	1	{}
my-wardrobe.com	googleadservices.com	1	{"category": "Advertising", "url": "http://www.google.com/", "name": "Google"}
my-wardrobe.com	my-wardrobe.com	2	{}
mybuilder.com		1	{}
mybuilder.com	s7.addthis.com	1	{"category": "Social", "url": "http://www.addthis.com/", "name": "AddThis"}
mybuilder.com	static.mybuilder.com	1	{}
myfdb.com		2	{}
myfdb.com	ajax.googleapis.com	2	{"category": "Content", "url": "http://www.google.com/", "name": "Google"}
myfitnesspal.com	d34yn14tavczy0.cloudfront.net	4	{"category": "Content", "url": "http://www.amazon.com/", "name": "Amazon.com"}
myheritage.com	ajax.googleapis.com	4	{"category": "Content", "url": "http://www.google.com/", "name": "Google"}
myheritage.com	d.mhcache.com	4	{}
mynewplace.com	connect.facebook.net	1	{}
mynewplace.com	google.com	4	{"category": "Content", "url": "http://www.google.com/", "name": "Google"}
mynewplace.com	partner.googleadservices.com	3	{"category": "Advertising", "url": "http://www.google.com/", "name": "Google"}
mynewplace.com	s.mnp0.com	4	{}
mypublisher.com	assets.mypublisher.com	5	{}
mypublisher.com	googleadservices.com	5	{"category": "Advertising", "url": "http://www.google.com/", "name": "Google"}
mypublisher.com	mypublisher.com	5	{}
mypublisher.com	static.getclicky.com	5	{"category": "Analytics", "url": "http://roxr.net/", "name": "Roxr"}
mytable.com		1	{}
mytable.com	maps.google.com	1	{"category": "Content", "url": "http://www.google.com/", "name": "Google"}
mytable.com	s7.addthis.com	1	{"category": "Social", "url": "http://www.addthis.com/", "name": "AddThis"}
myxer.com	apis.google.com	2	{"category": "Content", "url": "http://www.google.com/", "name": "Google"}
myxer.com	cdnet.myxer.com	2	{}
myxer.com	edge.quantserve.com	2	{"category": "Advertising", "url": "http://www.quantcast.com/", "name": "Quantcast"}
myxer.com	platform.twitter.com	2	{"category": "Social", "url": "http://www.twitter.com/", "name": "Twitter"}
myxer.com	widgets.mndigital.com	2	{}
namshi.com	rs1.namshicdn.com	1	{}
narrativescience.com	narrativescience.com	1	{}
narrativescience.com	s7.addthis.com	1	{"category": "Social", "url": "http://www.addthis.com/", "name": "AddThis"}
narrativescience.com	use.typekit.net	1	{}
navihealth.us	navihealth.us	1	{}
nerve.com	ajax.googleapis.com	1	{"category": "Content", "url": "http://www.google.com/", "name": "Google"}
nerve.com	img1.cdn.adjuggler.com	1	{"category": "Advertising", "url": "http://www.adjuggler.com/", "name": "AdJuggler"}
nerve.com	nerve.com	2	{}
nerve.com	platform.twitter.com	1	{"category": "Social", "url": "http://www.twitter.com/", "name": "Twitter"}
newsvine.com	ajax.googleapis.com	3	{"category": "Content", "url": "http://www.google.com/", "name": "Google"}
newsvine.com	assets.msnbc.msn.com	3	{"category": "Content", "url": "http://www.microsoft.com/", "name": "Microsoft"}
newsvine.com	cdn.lib.newsvine.com	3	{}
newsvine.com	cdn.newsvine.com	9	{}
newsvine.com	platform.twitter.com	3	{"category": "Social", "url": "http://www.twitter.com/", "name": "Twitter"}
nixle.com		1	{}
nixle.com	connect.facebook.net	1	{}
nixle.com	w.sharethis.com	1	{"category": "Social", "url": "http://sharethis.com/", "name": "ShareThis"}
nottingham.ac.uk	javascript	2	{}
npr.org		1	{}
npr.org	google.com	1	{"category": "Content", "url": "http://www.google.com/", "name": "Google"}
npr.org	partner.googleadservices.com	1	{"category": "Advertising", "url": "http://www.google.com/", "name": "Google"}
npr.org	s.npr.org	4	{}
nuji.com		1	{}
nuji.com	ajax.googleapis.com	1	{"category": "Content", "url": "http://www.google.com/", "name": "Google"}
nuji.com	platform.tumblr.com	1	{"category": "Content", "url": "http://www.tumblr.com/", "name": "Tumblr"}
nuji.com	platform.twitter.com	1	{"category": "Social", "url": "http://www.twitter.com/", "name": "Twitter"}
nuji.com	s.skimresources.com	1	{"category": "Advertising", "url": "http://skimlinks.com/", "name": "Skimlinks"}
nyheter24.se	ad1.emediate.dk	1	{"category": "Advertising", "url": "http://www.emediate.com/", "name": "Emediate"}
nyheter24.se	js	1	{}
oceana.org		1	{}
ohloh.net	ohloh.net	2	{}
ohloh.net	s7.addthis.com	1	{"category": "Social", "url": "http://www.addthis.com/", "name": "AddThis"}
okcupid.com	includes.okccdn.com	3	{}
okcupid.com	quantserve.com	3	{"category": "Advertising", "url": "http://www.quantcast.com/", "name": "Quantcast"}
onewed.com		2	{}
onewed.com	media-01.onewed.com	2	{}
onlinesheetmusic.com		8	{}
onlinesheetmusic.com	ajax.googleapis.com	8	{"category": "Content", "url": "http://www.google.com/", "name": "Google"}
onlinesheetmusic.com	cdn.jquerytools.org	8	{}
onlinesheetmusic.com	cloud.freehandmusic.netdna-cdn.com	8	{}
onlinesheetmusic.com	s7.addthis.com	7	{"category": "Social", "url": "http://www.addthis.com/", "name": "AddThis"}
onlynaturalpet.com		1	{}
oodle.com	i.oodleimg.com	1	{}
oodle.com	img.oodle.com	1	{}
opentable.com		8	{}
opentable.com	cdn.optimizely.com	8	{"category": "Content", "url": "https://www.optimizely.com/", "name": "Optimizely"}
opentable.com	opentable.com	5	{}
opentable.com	opentable.menuplatform.com	1	{}
opentable.com	opentable.ugc.bazaarvoice.com	1	{"category": "Content", "url": "http://www.bazaarvoice.com/", "name": "Bazaarvoice"}
opentable.com	reviews.opentable.com	4	{}
over-blog.com		1	{}
over-blog.com	fdata.over-blog.net	1	{}
over-blog.com	j.adlooxtracking.com	1	{}
over-blog.com	pagead2.googlesyndication.com	1	{"category": "Advertising", "url": "http://www.google.com/", "name": "Google"}
over-blog.com	partner.googleadservices.com	1	{"category": "Advertising", "url": "http://www.google.com/", "name": "Google"}
over-blog.com	yui.yahooapis.com	1	{"category": "Content", "url": "http://www.yahoo.com/", "name": "Yahoo!"}
ovguide.com	apis.google.com	1	{"category": "Content", "url": "http://www.google.com/", "name": "Google"}
ovguide.com	cdn2.static.ovimg.com	1	{}
ovguide.com	jsapi.netflix.com	1	{}
ovguide.com	tags.crwdcntrl.net	1	{"category": "Analytics", "url": "http://www.lotame.com/", "name": "Lotame"}
oyster.com	google.com	1	{"category": "Content", "url": "http://www.google.com/", "name": "Google"}
oyster.com	o-static.com	15	{}
panjiva.com	d2pr82nrhocf8q.cloudfront.net	2	{"category": "Content", "url": "http://www.amazon.com/", "name": "Amazon.com"}
paper.li		1	{}
paper.li	ads.paper.li	1	{}
paper.li	s7.addthis.com	1	{"category": "Social", "url": "http://www.addthis.com/", "name": "AddThis"}
parchment.com	ajax.googleapis.com	1	{"category": "Content", "url": "http://www.google.com/", "name": "Google"}
parchment.com	parchment.com	14	{}
partyearth.com		2	{}
partyearth.com	cdn.gigya.com	2	{"category": "Content", "url": "http://www.gigya.com/", "name": "Gigya"}
partyearth.com	pagead2.googlesyndication.com	2	{"category": "Advertising", "url": "http://www.google.com/", "name": "Google"}
patheos.com	partner.googleadservices.com	1	{"category": "Advertising", "url": "http://www.google.com/", "name": "Google"}
patientslikeme.com		1	{}
patientslikeme.com	google.com	1	{"category": "Content", "url": "http://www.google.com/", "name": "Google"}
payscale.com		1	{}
payscale.com	p1.pscdn.me	1	{}
payscale.com	p2.pscdn.me	1	{}
payscale.com	p3.pscdn.me	1	{}
payscale.com	p4.pscdn.me	1	{}
pearltrees.com	apis.google.com	12	{"category": "Content", "url": "http://www.google.com/", "name": "Google"}
pearltrees.com	cdn.pearltrees.com	12	{}
peekyou.com	1-ps.googleusercontent.com	3	{"category": "Content", "url": "http://www.google.com/", "name": "Google"}
peekyou.com	ajax.googleapis.com	3	{"category": "Content", "url": "http://www.google.com/", "name": "Google"}
peekyou.com	apis.google.com	3	{"category": "Content", "url": "http://www.google.com/", "name": "Google"}
peekyou.com	i.po.st	3	{"category": "Advertising", "url": "http://www.po.st/", "name": "Po.st"}
pennmedicine.org		1	{}
pennmedicine.org	google.com	1	{"category": "Content", "url": "http://www.google.com/", "name": "Google"}
pennmedicine.org	s7.addthis.com	1	{"category": "Social", "url": "http://www.addthis.com/", "name": "AddThis"}
pennmedicine.org	trumba.com	1	{"category": "Content", "url": "http://www.trumba.com/", "name": "Trumba"}
petmd.com		2	{}
petmd.com	altfarm.mediaplex.com	2	{"category": "Advertising", "url": "http://www.valueclick.com/", "name": "ValueClick"}
petmd.com	assets.bunchball.com	2	{"category": "Content", "url": "http://www.bunchball.com/", "name": "Bunchball"}
petmd.com	cdn.yb0t.com	2	{}
petmd.com	dingo.care2.com	2	{}
petmd.com	partner.googleadservices.com	2	{"category": "Advertising", "url": "http://www.google.com/", "name": "Google"}
petmd.com	petmdu.com	2	{}
petmd.com	s7.addthis.com	2	{"category": "Social", "url": "http://www.addthis.com/", "name": "AddThis"}
petmd.com	use.typekit.net	2	{}
photoblog.com		3	{}
photoblog.com	api.recaptcha.net	1	{"category": "Content", "url": "http://www.google.com/", "name": "Google"}
photoblog.com	edge.quantserve.com	1	{"category": "Advertising", "url": "http://www.quantcast.com/", "name": "Quantcast"}
photoblog.com	pagead2.googlesyndication.com	2	{"category": "Advertising", "url": "http://www.google.com/", "name": "Google"}
photoblog.com	widget.fotomoto.com	2	{}
photobucket.com	b.scorecardresearch.com	6	{"category": "Analytics", "url": "http://www.comscore.com/", "name": "comScore"}
photobucket.com	js.adsonar.com	5	{"category": "Advertising", "url": "http://www.aol.com/", "name": "AOL"}
photobucket.com	static2.pbsrc.com	6	{}
photobucket.com	www35.glam.com	5	{"category": "Advertising", "url": "http://www.glammedia.com/", "name": "Glam Media"}
piccsy.com		4	{}
piccsy.com	assets.pinterest.com	4	{"category": "Content", "url": "http://pinterest.com/", "name": "Pinterest"}
piccsy.com	stumbleupon.com	4	{"category": "Social", "url": "http://www.stumbleupon.com/", "name": "StumbleUpon"}
pickuppal.com		1	{}
pickuppal.com	partner.googleadservices.com	1	{"category": "Advertising", "url": "http://www.google.com/", "name": "Google"}
pickuppal.com	static.ak.connect.facebook.com	1	{"category": "Social", "url": "http://www.facebook.com/", "name": "Facebook"}
playonsports.com		3	{}
playonsports.com	w.sharethis.com	3	{"category": "Social", "url": "http://sharethis.com/", "name": "ShareThis"}
plumdistrict.com		1	{}
plumdistrict.com	ajax.googleapis.com	1	{"category": "Content", "url": "http://www.google.com/", "name": "Google"}
plumdistrict.com	assets.pinterest.com	1	{"category": "Content", "url": "http://pinterest.com/", "name": "Pinterest"}
plumdistrict.com	googleadservices.com	1	{"category": "Advertising", "url": "http://www.google.com/", "name": "Google"}
plumdistrict.com	maps.google.com	1	{"category": "Content", "url": "http://www.google.com/", "name": "Google"}
plumdistrict.com	plumdistrict.com	40	{}
plumdistrict.com	s3.amazonaws.com	1	{}
plumdistrict.com	s7.addthis.com	1	{"category": "Social", "url": "http://www.addthis.com/", "name": "AddThis"}
pond5.com	assets.pinterest.com	5	{"category": "Content", "url": "http://pinterest.com/", "name": "Pinterest"}
pond5.com	ec.pond5.com	6	{}
pond5.com	googleadservices.com	12	{"category": "Advertising", "url": "http://www.google.com/", "name": "Google"}
pond5.com	platform.twitter.com	6	{"category": "Social", "url": "http://www.twitter.com/", "name": "Twitter"}
pond5.com	use.typekit.net	6	{}
popcap.com		3	{}
popcap.com	ajax.googleapis.com	3	{"category": "Content", "url": "http://www.google.com/", "name": "Google"}
popdust.com	ajax.googleapis.com	1	{"category": "Content", "url": "http://www.google.com/", "name": "Google"}
popdust.com	cdn.popdust.com	1	{}
popdust.com	cdn.sailthru.com	1	{}
popdust.com	extsrcjs.googlecode.com	1	{}
popdust.com	platform.twitter.com	1	{"category": "Social", "url": "http://www.twitter.com/", "name": "Twitter"}
popdust.com	popdust.com	1	{}
popdust.com	scripts.verticalacuity.com	1	{"category": "Content", "url": "http://www.verticalacuity.com/", "name": "Vertical Acuity"}
popdust.com	static.fmpub.net	1	{"category": "Advertising", "url": "http://www.federatedmedia.net/", "name": "Federated Media"}
popdust.com	use.typekit.net	1	{}
popdust.com	w.sharethis.com	1	{"category": "Social", "url": "http://sharethis.com/", "name": "ShareThis"}
priceline.com		1	{}
priceline.com	googleadservices.com	1	{"category": "Advertising", "url": "http://www.google.com/", "name": "Google"}
priceline.com	s2.pclncdn.com	1	{}
prozyme.com	common	1	{}
punchbowl.com	assets0.punchbowl.com	4	{}
punchbowl.com	assets1.punchbowl.com	5	{}
punchbowl.com	assets2.punchbowl.com	5	{}
punchbowl.com	assets3.punchbowl.com	5	{}
punchbowl.com	c.compete.com	4	{"category": "Analytics", "url": "http://www.wpp.com/", "name": "WPP"}
punchbowl.com	google.com	4	{"category": "Content", "url": "http://www.google.com/", "name": "Google"}
punchbowl.com	googleadservices.com	4	{"category": "Advertising", "url": "http://www.google.com/", "name": "Google"}
punchbowl.com	partner.googleadservices.com	5	{"category": "Advertising", "url": "http://www.google.com/", "name": "Google"}
punchbowl.com	s7.addthis.com	4	{"category": "Social", "url": "http://www.addthis.com/", "name": "AddThis"}
purecars.com		1	{}
qype.co.uk	assets0.qypecdn.net	4	{}
qype.co.uk	assets1.qypecdn.net	6	{}
qype.co.uk	assets2.qypecdn.net	3	{}
qype.co.uk	assets3.qypecdn.net	3	{}
qype.co.uk	dev.virtualearth.net	5	{}
qype.co.uk	loadeu.exelator.com	9	{"category": "Advertising", "url": "http://exelate.com/", "name": "eXelate"}
qype.co.uk	pagead2.googlesyndication.com	9	{"category": "Advertising", "url": "http://www.google.com/", "name": "Google"}
qype.co.uk	platform.twitter.com	2	{"category": "Social", "url": "http://www.twitter.com/", "name": "Twitter"}
razorgator.com		1	{}
razorgator.com	ajax.googleapis.com	1	{"category": "Content", "url": "http://www.google.com/", "name": "Google"}
razorgator.com	d2uhu8f87k45g1.cloudfront.net	1	{"category": "Content", "url": "http://www.amazon.com/", "name": "Amazon.com"}
realself.com	d1bjy15zzx97w2.cloudfront.net	11	{"category": "Content", "url": "http://www.amazon.com/", "name": "Amazon.com"}
realself.com	google.com	11	{"category": "Content", "url": "http://www.google.com/", "name": "Google"}
realself.com	partner.googleadservices.com	6	{"category": "Advertising", "url": "http://www.google.com/", "name": "Google"}
realself.com	realself.com	17	{}
redbeacon.com		2	{}
redbeacon.com	maps.google.com	2	{"category": "Content", "url": "http://www.google.com/", "name": "Google"}
reddit.com	ajax.googleapis.com	7	{"category": "Content", "url": "http://www.google.com/", "name": "Google"}
reddit.com	redditstatic.com	14	{}
reinnervate.com		1	{}
reinnervate.com	ajax.googleapis.com	1	{"category": "Content", "url": "http://www.google.com/", "name": "Google"}
reinnervate.com	google.com	1	{"category": "Content", "url": "http://www.google.com/", "name": "Google"}
reinnervate.com	maps.google.com	1	{"category": "Content", "url": "http://www.google.com/", "name": "Google"}
reinnervate.com	w.sharethis.com	1	{"category": "Social", "url": "http://sharethis.com/", "name": "ShareThis"}
renthop.com		1	{}
renthop.com	ajax.googleapis.com	1	{"category": "Content", "url": "http://www.google.com/", "name": "Google"}
renthop.com	edge.quantserve.com	1	{"category": "Advertising", "url": "http://www.quantcast.com/", "name": "Quantcast"}
renthop.com	maps.googleapis.com	1	{"category": "Content", "url": "http://www.google.com/", "name": "Google"}
repairpal.com	ajax.googleapis.com	3	{"category": "Content", "url": "http://www.google.com/", "name": "Google"}
repairpal.com	cdn0.repairpal.com	3	{}
repairpal.com	partner.googleadservices.com	3	{"category": "Advertising", "url": "http://www.google.com/", "name": "Google"}
researchgate.net	c1.researchgate.net	2	{}
restaurant.com	ajax.googleapis.com	3	{"category": "Content", "url": "http://www.google.com/", "name": "Google"}
restaurant.com	google.com	3	{"category": "Content", "url": "http://www.google.com/", "name": "Google"}
restaurant.com	ox-d.restaurant.com	3	{}
restaurant.com	rdc.rdcimage.com	3	{}
restaurant.com	restaurant.com	3	{}
retrevo.com		1	{}
retrevo.com	google-analytics.com	1	{"category": "Analytics", "url": "http://www.google.com", "name": "Google"}
retrevo.com	google.com	1	{"category": "Content", "url": "http://www.google.com/", "name": "Google"}
retrevo.com	partner.googleadservices.com	1	{"category": "Advertising", "url": "http://www.google.com/", "name": "Google"}
retrevo.com	tags.bkrtx.com	1	{"category": "Advertising", "url": "http://www.bluekai.com/", "name": "BlueKai"}
reunion.com		8	{}
reunion.com	a1.mylife.com	8	{}
reunion.com	ajax.googleapis.com	8	{"category": "Content", "url": "http://www.google.com/", "name": "Google"}
reunion.com	reunion.com	8	{}
reunion.com	search.mylife.com	8	{}
rhapsody.com		7	{}
rhapsody.com	connect.facebook.net	7	{}
roblox.com		1	{}
roblox.com	ajax.aspnetcdn.com	1	{}
roblox.com	google-analytics.com	1	{"category": "Analytics", "url": "http://www.google.com", "name": "Google"}
roblox.com	jsak.roblox.com	1	{}
rottentomatoes.com	images.rottentomatoescdn.com	1	{}
sbnation.com	cdn0.sbnation.com	12	{}
sbnation.com	cdn1.sbnation.com	4	{}
sbnation.com	cdn2.sbnation.com	12	{}
sbnation.com	edge.quantserve.com	12	{"category": "Advertising", "url": "http://www.quantcast.com/", "name": "Quantcast"}
sbnation.com	ox-d.sbnation.com	12	{}
sbnation.com	sbnation.com	12	{}
scoop.it		6	{}
scribd.com		10	{}
scribd.com	apis.google.com	10	{"category": "Content", "url": "http://www.google.com/", "name": "Google"}
scribd.com	s5.scribdassets.com	10	{}
scribd.com	s6.scribdassets.com	10	{}
scribd.com	s7.scribdassets.com	11	{}
scribd.com	scribd.com	1	{}
scvngr.com		2	{}
scvngr.com	ajax.googleapis.com	2	{"category": "Content", "url": "http://www.google.com/", "name": "Google"}
scvngr.com	googleadservices.com	2	{"category": "Advertising", "url": "http://www.google.com/", "name": "Google"}
scvngr.com	maps.google.com	2	{"category": "Content", "url": "http://www.google.com/", "name": "Google"}
seatgeek.com		2	{}
seatgeek.com	cdn.chairnerd.com	4	{}
seatgeek.com	use.typekit.com	4	{"category": "Content", "url": "http://www.adobe.com/", "name": "Adobe"}
seatwave.com	ajax.googleapis.com	2	{"category": "Content", "url": "http://www.google.com/", "name": "Google"}
seatwave.com	c.stwv.im	2	{}
seatwave.com	seatwave.com	1	{}
seeclickfix.com		1	{}
seeclickfix.com	maps.google.com	1	{"category": "Content", "url": "http://www.google.com/", "name": "Google"}
seekingalpha.com	google.com	11	{"category": "Content", "url": "http://www.google.com/", "name": "Google"}
seekingalpha.com	partner.googleadservices.com	15	{"category": "Advertising", "url": "http://www.google.com/", "name": "Google"}
seekingalpha.com	static.cdn-seekingalpha.com	15	{}
seekingalpha.com	static2.cdn-seekingalpha.com	15	{}
seekingalpha.com	static3.cdn-seekingalpha.com	15	{}
sendmemobile.com		2	{}
sendmemobile.com	ajax.googleapis.com	2	{"category": "Content", "url": "http://www.google.com/", "name": "Google"}
sendthetrend.com	sendthetrend.com	30	{}
sendthetrend.com	server.iad.liveperson.net	1	{"category": "Content", "url": "http://www.liveperson.net/", "name": "LivePerson"}
sendthetrend.com	w.sharethis.com	1	{"category": "Social", "url": "http://sharethis.com/", "name": "ShareThis"}
shapeways.com	lib.js	1	{}
shapeways.com	static1.sw-cdn.net	3	{}
sharp-world.com		1	{}
sharp-world.com	c.data-analytics.jp	1	{}
shop.com	ccimg.shop.com	2	{}
shop.com	shop.com	4	{}
simfy.de		1	{}
simfy.de	simfy.ivwbox.de	1	{"category": "Analytics", "url": "https://www.infonline.de/", "name": "INFOnline"}
simplyhired.com		6	{}
simplyhired.com	ajax.googleapis.com	6	{"category": "Content", "url": "http://www.google.com/", "name": "Google"}
simplyhired.com	google.com	6	{"category": "Content", "url": "http://www.google.com/", "name": "Google"}
skype.com	ajax.aspnetcdn.com	1	{}
skype.com	skypeassets.com	3	{}
sleepys.com		4	{}
sleepys.com	ajax.googleapis.com	4	{"category": "Content", "url": "http://www.google.com/", "name": "Google"}
sleepys.com	googleadservices.com	4	{"category": "Advertising", "url": "http://www.google.com/", "name": "Google"}
slideshare.net	public.slidesharecdn.com	1	{}
songkick.com	ajax.googleapis.com	6	{"category": "Content", "url": "http://www.google.com/", "name": "Google"}
songkick.com	pagead2.googlesyndication.com	2	{"category": "Advertising", "url": "http://www.google.com/", "name": "Google"}
songkick.com	www1.sk-static.com	5	{}
songkick.com	www2.sk-static.com	3	{}
soundcloud.com	a1.sndcdn.com	8	{}
spilgames.com		1	{}
spilgames.com	admin.spilgames.com	1	{"category": "Content", "url": "http://www.aol.com/", "name": "AOL"}
spilgames.com	ajax.googleapis.com	1	{"category": "Content", "url": "http://www.google.com/", "name": "Google"}
spilgames.com	platform.linkedin.com	1	{"category": "Social", "url": "http://www.linkedin.com/", "name": "LinkedIn"}
spilgames.com	platform.twitter.com	1	{"category": "Social", "url": "http://www.twitter.com/", "name": "Twitter"}
spreadshirt.com		2	{}
spreadshirt.com	cache.spreadshirt.com	2	{}
spreadshirt.com	cdn.optimizely.com	2	{"category": "Content", "url": "https://www.optimizely.com/", "name": "Optimizely"}
spreadshirt.com	tags.mediaforge.com	2	{"category": "Advertising", "url": "http://www.mediaforge.com/", "name": "mediaFORGE"}
staples.com		1	{}
staples.com	cts.channelintelligence.com	1	{"category": "Advertising", "url": "http://www.channelintelligence.com/", "name": "Channel Intelligence"}
staples.com	nexus.ensighten.com	1	{"category": "Advertising", "url": "http://www.ensighten.com/", "name": "Ensighten"}
stardoll.com	sdcdn.com	9	{}
steamcommunity.com	cdn.steamcommunity.com	2	{}
stocktwits.com	ajax.googleapis.com	1	{"category": "Content", "url": "http://www.google.com/", "name": "Google"}
stocktwits.com	assets2.stocktwits.net	1	{}
stocktwits.com	partner.googleadservices.com	1	{"category": "Advertising", "url": "http://www.google.com/", "name": "Google"}
storyofmylife.com		1	{}
storyofmylife.com	jslib.axd	1	{}
streamzoo.com	ajax.googleapis.com	2	{"category": "Content", "url": "http://www.google.com/", "name": "Google"}
streamzoo.com	js	2	{}
streamzoo.com	js2	2	{}
streetfire.net		1	{}
streetfire.net	edge.quantserve.com	1	{"category": "Advertising", "url": "http://www.quantcast.com/", "name": "Quantcast"}
streetfire.net	google-analytics.com	1	{"category": "Analytics", "url": "http://www.google.com", "name": "Google"}
streetfire.net	googletagservices.com	2	{"category": "Analytics", "url": "http://www.google.com", "name": "Google"}
streetfire.net	redir.adap.tv	1	{"category": "Content", "url": "http://adap.tv/", "name": "Adap.tv"}
streetfire.net	sso.sourceinterlinkdigital.com	1	{}
streetfire.net	tibby.cardomain.com	1	{}
stumbleupon.com	c.compete.com	3	{"category": "Analytics", "url": "http://www.wpp.com/", "name": "WPP"}
stumbleupon.com	loader.engage.gsfn.us	3	{}
stumbleupon.com	nb9.stumbleupon.netdna-cdn.com	3	{}
stumpedia.com		1	{}
stumpedia.com	googleadservices.com	1	{"category": "Advertising", "url": "http://www.google.com/", "name": "Google"}
stumpedia.com	statcounter.com	1	{"category": "Analytics", "url": "http://statcounter.com/", "name": "StatCounter"}
stylefruits.de	dvuifktgrlu5d.cloudfront.net	1	{"category": "Content", "url": "http://www.amazon.com/", "name": "Amazon.com"}
stylefruits.de	googleadservices.com	1	{"category": "Advertising", "url": "http://www.google.com/", "name": "Google"}
stylefruits.de	static.criteo.com	1	{"category": "Advertising", "url": "http://www.criteo.com/", "name": "Criteo"}
surveymonkey.com	secure.surveymonkey.com	2	{}
sutterhealth.org		2	{}
sutterhealth.org	common.sutterhealth.org	2	{}
talend.com	ajax.googleapis.com	1	{"category": "Content", "url": "http://www.google.com/", "name": "Google"}
talend.com	info.talend.com	1	{}
talend.com	munchkin.marketo.net	1	{"category": "Advertising", "url": "http://www.marketo.com/", "name": "Marketo"}
talend.com	talend.com	8	{}
telligent.com		1	{}
telligent.com	google.com	1	{"category": "Content", "url": "http://www.google.com/", "name": "Google"}
telligent.com	lct.salesforce.com	1	{"category": "Advertising", "url": "http://www.salesforce.com/", "name": "Salesforce.com"}
telligent.com	telligent.com	1	{}
telltalegames.com	ajax.googleapis.com	1	{"category": "Content", "url": "http://www.google.com/", "name": "Google"}
telltalegames.com	clientscript	1	{}
thecoveteur.com	coveteur.static.cdn.herculo.com	6	{}
thecoveteur.com	static.getclicky.com	6	{"category": "Analytics", "url": "http://roxr.net/", "name": "Roxr"}
thecoveteur.com	thecoveteur.com	160	{}
thefind.com	ajax.googleapis.com	1	{"category": "Content", "url": "http://www.google.com/", "name": "Google"}
thefind.com	apis.google.com	1	{"category": "Content", "url": "http://www.google.com/", "name": "Google"}
thefind.com	evjs.optorb.com	1	{}
thefind.com	google.com	1	{"category": "Content", "url": "http://www.google.com/", "name": "Google"}
thefind.com	s.tfcdn.com	1	{}
thefind.com	secure.quantserve.com	1	{"category": "Advertising", "url": "http://www.quantcast.com/", "name": "Quantcast"}
thegreenoffice.com		2	{}
thegreenoffice.com	thegreenoffice.com	6	{"category": "Content", "url": "http://www.microsoft.com/", "name": "Microsoft"}
thesixtyone.com	thesixtyone.com	1	{}
thrupoint.com	ajax.googleapis.com	1	{"category": "Content", "url": "http://www.google.com/", "name": "Google"}
thrupoint.com	thrupoint.com	7	{}
tibco.com		1	{}
tibco.com	googleadservices.com	1	{"category": "Advertising", "url": "http://www.google.com/", "name": "Google"}
tibco.com	player.ooyala.com	1	{"category": "Content", "url": "http://www.ooyala.com/", "name": "Ooyala"}
tibco.com	use.typekit.com	1	{"category": "Content", "url": "http://www.adobe.com/", "name": "Adobe"}
ticketfly.com	cdn.ticketfly.com	1	{}
ticketfly.com	connect.facebook.net	1	{}
ticketfly.com	static.ticketfly.com	1	{}
tippmann.com		4	{}
tippmann.com	apis.google.com	2	{"category": "Content", "url": "http://www.google.com/", "name": "Google"}
tippmann.com	includes	4	{}
tippmann.com	platform.twitter.com	2	{"category": "Social", "url": "http://www.twitter.com/", "name": "Twitter"}
toms.com		1	{}
toms.com	toms.com	11	{}
topix.com	pixel.quantserve.com	1	{"category": "Advertising", "url": "http://www.quantcast.com/", "name": "Quantcast"}
topix.com	topix.cachefly.net	1	{}
topix.com	www2.glam.com	1	{"category": "Advertising", "url": "http://www.glammedia.com/", "name": "Glam Media"}
topnews.in		2	{}
topnews.in	js.casalemedia.com	1	{"category": "Advertising", "url": "http://www.casalemedia.com/", "name": "Casale Media"}
topnews.in	pagead2.googlesyndication.com	1	{"category": "Advertising", "url": "http://www.google.com/", "name": "Google"}
topnews.in	partner.googleadservices.com	2	{"category": "Advertising", "url": "http://www.google.com/", "name": "Google"}
topnews.in	resources.infolinks.com	1	{"category": "Advertising", "url": "http://www.infolinks.com/", "name": "Infolinks"}
topnews.in	s45.sitemeter.com	2	{"category": "Advertising", "url": "http://www.specificmedia.com/", "name": "Specific Media"}
topnews.in	tags.expo9.exponential.com	2	{"category": "Advertising", "url": "http://www.exponential.com/", "name": "Exponential Interactive"}
touristlink.com	cdn.touristlink.com	5	{}
touristlink.com	cdn1.touristlink.com	5	{}
touristlink.com	pagead2.googlesyndication.com	5	{"category": "Advertising", "url": "http://www.google.com/", "name": "Google"}
touristlink.com	statcounter.com	5	{"category": "Analytics", "url": "http://statcounter.com/", "name": "StatCounter"}
trefis.com	ajax.googleapis.com	4	{"category": "Content", "url": "http://www.google.com/", "name": "Google"}
trefis.com	cdn.trefis.com	4	{}
tripadvisor.com	c1.tacdn.com	7	{}
tripadvisor.com	pagead2.googlesyndication.com	1	{"category": "Advertising", "url": "http://www.google.com/", "name": "Google"}
tripwolf.com	google-analytics.com	1	{"category": "Analytics", "url": "http://www.google.com", "name": "Google"}
tripwolf.com	static1.tripwolf.com	1	{}
tripwolf.com	tripwolf.com	1	{}
tripwolf.com	yui.yahooapis.com	1	{"category": "Content", "url": "http://www.yahoo.com/", "name": "Yahoo!"}
tumblr.com	assets.tumblr.com	5	{"category": "Content", "url": "http://www.tumblr.com/", "name": "Tumblr"}
twitcasting.tv		1	{}
twitch.tv	edge.quantserve.com	5	{"category": "Advertising", "url": "http://www.quantcast.com/", "name": "Quantcast"}
twitch.tv	platform.twitter.com	1	{"category": "Social", "url": "http://www.twitter.com/", "name": "Twitter"}
twitch.tv	www-cdn.jtvnw.net	5	{}
twylah.com	connect.facebook.net	1	{}
twylah.com	platform.twitter.com	1	{"category": "Social", "url": "http://www.twitter.com/", "name": "Twitter"}
twylah.com	s7.addthis.com	1	{"category": "Social", "url": "http://www.addthis.com/", "name": "AddThis"}
twylah.com	twylah.com	4	{}
umaine.edu	s0.wp.com	1	{"category": "Content", "url": "http://www.wordpress.com/", "name": "Wordpress"}
umaine.edu	stats.wordpress.com	1	{"category": "Content", "url": "http://www.wordpress.com/", "name": "Wordpress"}
umaine.edu	umaine.edu	1	{}
unigo.com		1	{}
unigo.com	partner.googleadservices.com	1	{"category": "Advertising", "url": "http://www.google.com/", "name": "Google"}
uniquesquared.com	musicnextday.com	2	{}
uptake.com	groupon.com	1	{}
us.fotolia.com	googleadservices.com	2	{"category": "Advertising", "url": "http://www.google.com/", "name": "Google"}
us.fotolia.com	s.ftcdn.net	2	{}
ustrendy.com		1	{}
ustrendy.com	..	1	{}
ustrendy.com	s7.addthis.com	1	{"category": "Social", "url": "http://www.addthis.com/", "name": "AddThis"}
utest.com	ajax.googleapis.com	1	{"category": "Content", "url": "http://www.google.com/", "name": "Google"}
utest.com	utest.com	16	{}
uvm.edu		1	{}
uvm.edu	google.com	1	{"category": "Content", "url": "http://www.google.com/", "name": "Google"}
uvm.edu	uvm.edu	2	{}
vator.tv	assets.vator.tv	4	{}
vator.tv	partner.googleadservices.com	4	{"category": "Advertising", "url": "http://www.google.com/", "name": "Google"}
vator.tv	platform.twitter.com	1	{"category": "Social", "url": "http://www.twitter.com/", "name": "Twitter"}
vator.tv	static.ak.fbcdn.net	1	{"category": "Content", "url": "http://www.facebook.com/", "name": "Facebook"}
viagogo.com	cdn.viagogo.net	4	{}
viagogo.com	googleadservices.com	4	{"category": "Advertising", "url": "http://www.google.com/", "name": "Google"}
vinfolio.com		1	{}
vinfolio.com	code.jquery.com	1	{}
vinogusto.com	asset2.vinogusto.net	2	{}
vinogusto.com	platform.twitter.com	2	{"category": "Social", "url": "http://www.twitter.com/", "name": "Twitter"}
vitals.com	204.69.244.56	1	{}
vitals.com	ajax.googleapis.com	2	{"category": "Content", "url": "http://www.google.com/", "name": "Google"}
vitals.com	s7.addthis.com	1	{"category": "Social", "url": "http://www.addthis.com/", "name": "AddThis"}
vitals.com	static1.vitals.mdxdata.com	2	{}
voice123.com	ajax.googleapis.com	1	{"category": "Content", "url": "http://www.google.com/", "name": "Google"}
voice123.com	googleadservices.com	1	{"category": "Advertising", "url": "http://www.google.com/", "name": "Google"}
voice123.com	voice123.com	1	{}
vtap.com		1	{}
vtap.com	api.recaptcha.net	1	{"category": "Content", "url": "http://www.google.com/", "name": "Google"}
wanelo.com	assets.pinterest.com	3	{"category": "Content", "url": "http://pinterest.com/", "name": "Pinterest"}
wanelo.com	cdn-assets.wanelo.com	4	{}
wattpad.com	a.wattpad.net	5	{}
wattpad.com	ajax.googleapis.com	5	{"category": "Content", "url": "http://www.google.com/", "name": "Google"}
wattpad.com	assets.pinterest.com	1	{"category": "Content", "url": "http://pinterest.com/", "name": "Pinterest"}
wattpad.com	s7.addthis.com	5	{"category": "Social", "url": "http://www.addthis.com/", "name": "AddThis"}
wayfair.com	google.com	2	{"category": "Content", "url": "http://www.google.com/", "name": "Google"}
wayfair.com	googleadservices.com	2	{"category": "Advertising", "url": "http://www.google.com/", "name": "Google"}
wayfair.com	img1.wfrcdn.com	2	{}
wayfair.com	s3.amazonaws.com	2	{}
wayn.com		1	{}
wayn.com	a.scripts.wayn.com	1	{}
wayn.com	c.scripts.wayn.com	1	{}
wayn.com	d.scripts.wayn.com	1	{}
wayn.com	partner.googleadservices.com	1	{"category": "Advertising", "url": "http://www.google.com/", "name": "Google"}
waze.com		1	{}
web.mit.edu		1	{}
web.mit.edu	..	1	{}
web.mit.edu	s7.addthis.com	1	{"category": "Social", "url": "http://www.addthis.com/", "name": "AddThis"}
webjam.com	pagead2.googlesyndication.com	1	{"category": "Advertising", "url": "http://www.google.com/", "name": "Google"}
webjam.com	webjam.com	2	{}
wego.com		1	{}
wego.com	cdn.gigya.com	1	{"category": "Content", "url": "http://www.gigya.com/", "name": "Gigya"}
wego.com	google.com	1	{"category": "Content", "url": "http://www.google.com/", "name": "Google"}
wego.com	googleadservices.com	1	{"category": "Advertising", "url": "http://www.google.com/", "name": "Google"}
wego.com	mediawego.com	2	{}
wego.com	partner.googleadservices.com	1	{"category": "Advertising", "url": "http://www.google.com/", "name": "Google"}
wego.com	superstore.travel	1	{}
wego.com	wego.com	2	{}
weheartit.com	assets.whicdn.com	5	{}
weheartit.com	stats.whicdn.com	5	{}
wellsphere.com		5	{}
wellsphere.com	edge.quantserve.com	5	{"category": "Advertising", "url": "http://www.quantcast.com/", "name": "Quantcast"}
wellsphere.com	google-analytics.com	5	{"category": "Analytics", "url": "http://www.google.com", "name": "Google"}
wellsphere.com	healthcentral.com	15	{}
wellsphere.com	s7.addthis.com	5	{"category": "Social", "url": "http://www.addthis.com/", "name": "AddThis"}
wellsphere.com	static.ak.connect.facebook.com	5	{"category": "Social", "url": "http://www.facebook.com/", "name": "Facebook"}
wellsphere.com	widgets.outbrain.com	4	{"category": "Advertising", "url": "http://www.outbrain.com/", "name": "Outbrain"}
weplay.com	0.wecdn.com	2	{}
weplay.com	2.wecdn.com	6	{}
weplay.com	3.wecdn.com	6	{}
weplay.com	cdn.siteanalytics.evolvemediametrics.com	6	{"category": "Advertising", "url": "http://www.evolvemediacorp.com/", "name": "Evolve"}
weplay.com	d31qbv1cthcecs.cloudfront.net	6	{"category": "Content", "url": "http://www.amazon.com/", "name": "Amazon.com"}
weplay.com	edge.quantserve.com	6	{"category": "Advertising", "url": "http://www.quantcast.com/", "name": "Quantcast"}
weplay.com	google.com	1	{"category": "Content", "url": "http://www.google.com/", "name": "Google"}
whatclinic.com		1	{}
whatclinic.com	dbz89hhs3l3r3.cloudfront.net	3	{"category": "Content", "url": "http://www.amazon.com/", "name": "Amazon.com"}
whatclinic.com	maps.googleapis.com	1	{"category": "Content", "url": "http://www.google.com/", "name": "Google"}
whatclinic.com	pagead2.googlesyndication.com	3	{"category": "Advertising", "url": "http://www.google.com/", "name": "Google"}
whoi.edu		3	{}
wicfy.com	..	1	{}
wicfy.com	apis.google.com	1	{"category": "Content", "url": "http://www.google.com/", "name": "Google"}
wicfy.com	connect.facebook.net	1	{}
wicfy.com	platform.linkedin.com	1	{"category": "Social", "url": "http://www.linkedin.com/", "name": "LinkedIn"}
wicfy.com	platform.twitter.com	1	{"category": "Social", "url": "http://www.twitter.com/", "name": "Twitter"}
wicfy.com	static.ak.fbcdn.net	1	{"category": "Content", "url": "http://www.facebook.com/", "name": "Facebook"}
wicfy.com	w.sharethis.com	1	{"category": "Social", "url": "http://sharethis.com/", "name": "ShareThis"}
wicfy.com	wicfy.com	2	{}
wildtangent.com	edge.quantserve.com	2	{"category": "Advertising", "url": "http://www.quantcast.com/", "name": "Quantcast"}
wildtangent.com	platform.twitter.com	2	{"category": "Social", "url": "http://www.twitter.com/", "name": "Twitter"}
wildtangent.com	webassets.wildtangent.com	2	{}
wishbone.org		1	{}
wishbone.org	ajax.googleapis.com	1	{"category": "Content", "url": "http://www.google.com/", "name": "Google"}
wishbone.org	apis.google.com	1	{"category": "Content", "url": "http://www.google.com/", "name": "Google"}
wishbone.org	wishbonestatic.s3.amazonaws.com	1	{}
wiziq.com	wqimg.com	2	{}
workhound.co.uk	cdn.workhound.co.uk	1	{}
workhound.co.uk	google.com	1	{"category": "Content", "url": "http://www.google.com/", "name": "Google"}
wowio.com		1	{}
xand.com	ajax.googleapis.com	1	{"category": "Content", "url": "http://www.google.com/", "name": "Google"}
xand.com	maps.google.com	1	{"category": "Content", "url": "http://www.google.com/", "name": "Google"}
xand.com	shrinktheweb.com	1	{"category": "Advertising", "url": "http://www.web.com/", "name": "Web.com"}
xand.com	xand.com	21	{}
xconomy.com	static.xconomy.com	1	{}
xconomy.com	xconomy.com	7	{}
xfire.com		3	{}
xfire.com	ajax.googleapis.com	3	{"category": "Content", "url": "http://www.google.com/", "name": "Google"}
xfire.com	assets.xfire.com	3	{}
xfire.com	connect.facebook.net	3	{}
xfire.com	google.com	3	{"category": "Content", "url": "http://www.google.com/", "name": "Google"}
yebhi.com		1	{}
yebhi.com	google.com	1	{"category": "Content", "url": "http://www.google.com/", "name": "Google"}
youscribe.com		1	{}
youscribe.com	ajax.aspnetcdn.com	1	{}
youscribe.com	ajax.googleapis.com	1	{"category": "Content", "url": "http://www.google.com/", "name": "Google"}
zeromotorcycles.com		1	{}
zeromotorcycles.com	s7.addthis.com	1	{"category": "Social", "url": "http://www.addthis.com/", "name": "AddThis"}
zerply.com	googleadservices.com	1	{"category": "Advertising", "url": "http://www.google.com/", "name": "Google"}
zerply.com	use.typekit.com	1	{"category": "Content", "url": "http://www.adobe.com/", "name": "Adobe"}
zerply.com	zerply.com	1	{}
zimbra.com	clientscript	1	{}
zimbra.com	google.com	3	{"category": "Content", "url": "http://www.google.com/", "name": "Google"}
zimbra.com	zimbra.com	11	{}
ziplocal.com	ajax.googleapis.com	1	{"category": "Content", "url": "http://www.google.com/", "name": "Google"}
ziplocal.com	ecn.dev.virtualearth.net	1	{}
ziplocal.com	imfimg.com	1	{}
ziplocal.com	maps.googleapis.com	1	{"category": "Content", "url": "http://www.google.com/", "name": "Google"}
zivity.com		1	{}
zivity.com	asset0.zendesk.com	1	{"category": "Content", "url": "http://www.zendesk.com/", "name": "Zendesk"}
zivity.com	google-analytics.com	1	{"category": "Analytics", "url": "http://www.google.com", "name": "Google"}
zulily.com	a248.e.akamai.net	3	{}
zulily.com	googleadservices.com	10	{"category": "Advertising", "url": "http://www.google.com/", "name": "Google"}
zulily.com	mcdn.zulily.com	5	{}
zvents.com		1	{}
zvents.com	ajax.googleapis.com	1	{"category": "Content", "url": "http://www.google.com/", "name": "Google"}
zvents.com	edge.quantserve.com	1	{"category": "Advertising", "url": "http://www.quantcast.com/", "name": "Quantcast"}
